en	1897427
is	1732750
in	1729090
ta	1687006
an	1515643
st	1368558
si	1211300
aa	1182263
tt	1093235
al	1074415
it	1035009
sa	1023285
se	990897
li	984377
ka	956479
on	938302
te	935244
ll	931773
ai	922792
ja	890997
ti	887879
as	870996
va	820804
ne	816721
la	816400
at	814681
el	801239
na	737530
nt	730247
ss	729029
et	713488
nk	707124
ma	694571
oi	674233
ns	669191
tu	666658
es	655644
ik	651864
tä	650779
ol	612672
ak	611880
ki	611438
il	609158
to	604766
ii	596820
ri	586396
mi	583396
ku	572448
le	569269
er	566996
ar	552946
ko	551585
uo	551039
nn	547223
ee	529821
ks	522612
ut	521078
än	504842
ni	501974
us	499218
im	486468
aj	484993
ia	481194
uu	478126
ke	473909
ei	466373
jo	466247
am	455496
un	449916
os	437015
ie	418225
av	412149
no	411549
ra	402846
de	397859
lu	390331
me	387495
ää	377829
pa	354129
su	351120
ty	350314
iv	338186
ot	337936
uk	334799
vi	333877
nj	331238
ap	324673
nm	317010
ul	316459
au	307971
mu	307690
sä	304284
np	299838
ok	299790
nv	298096
lä	293745
kk	292221
io	280205
pi	278858
he	277434
lo	272545
sk	265783
ao	258944
om	258866
ah	255083
vu	254683
or	249961
ht	249403
ur	247452
so	238516
em	236626
pe	234615
ek	232423
ha	231639
ir	231027
pu	228100
kä	227091
ät	223829
lt	223113
ui	221695
nl	219027
mm	216908
vä	216728
mä	214074
ro	212298
yt	209733
ij	205034
re	202465
äk	199953
hä	198360
ts	196845
äs	196560
äi	194230
äl	191658
ih	190984
jä	190846
lm	187576
tk	184840
nh	182224
rk	180403
äm	179525
id	179247
op	177403
ve	176998
nu	176710
lk	173752
ae	172634
yö	170423
nä	168851
vo	167823
ny	165516
hi	162309
oo	157074
oh	153387
uv	149073
yh	148366
rt	145229
äv	144865
po	143581
är	142698
äh	141668
ev	141223
ip	141123
mo	140639
ys	139957
ou	138171
my	137259
rj	136325
äy	136017
ru	135572
eu	134959
hd	134751
ng	134050
je	133436
um	132708
eh	132553
di	132222
pä	131515
yk	130839
ov	125093
äj	124318
yl	122736
ud	118364
ös	117226
od	115593
oj	115341
ea	113624
nr	111533
sy	107397
mp	106491
pp	106147
eo	105746
da	105500
do	104692
yn	101851
yy	100081
ue	99216
up	97802
äo	96434
ju	95933
ho	94895
tr	92910
ed	92284
ua	91461
ky	90752
iä	86508
uh	84277
oa	83816
gi	82315
yi	81883
ad	81622
nd	80506
ej	78954
tö	77772
sv	74815
äp	74377
rv	73222
äe	71712
th	71465
ym	70957
hu	70136
rs	65690
sp	65396
ay	64230
rr	63379
lj	61033
tm	60937
ep	60578
sm	60548
rä	59899
ly	59539
ga	59056
tj	58496
hy	58013
rm	55455
yv	55280
hj	53962
ge	53812
tv	53440
äa	51799
ön	50712
uj	49709
ch	49546
sl	49175
pr	48830
ab	48670
ac	47535
sh	47010
tp	46429
iu	46157
sj	45833
hm	45010
ba	44806
co	43849
kr	43799
lv	43723
ag	43387
ic	43331
be	43241
yr	42991
rh	42255
du	42152
tl	42074
py	41544
fi	40367
ry	38148
ji	37761
ey	36940
ca	35918
rn	35383
ye	35229
go	34910
lö	34411
dy	34052
yd	33599
ig	33236
oe	33159
kt	32794
öi	32324
iy	32115
bu	32109
nc	31654
ls	31203
lp	31128
bo	30866
af	30851
rd	30717
rg	30527
yp	28968
br	28520
nb	28441
bi	28199
og	28127
vy	27809
tn	27608
nf	26507
dä	26030
ök	25745
kö	25677
öt	25404
ck	24874
yä	24675
ib	24662
iö	24244
rl	24191
eä	24086
of	23849
eg	23789
gl	23579
hk	23223
gr	23135
fo	22807
sc	22315
ps	22122
sn	21362
wi	21131
fe	21124
öh	21014
sr	20168
lb	20074
fr	20010
dr	19494
ce	19432
wa	19423
ob	18985
öl	18792
fa	18217
pl	18215
öy	18121
ec	17961
if	17624
oc	17275
ci	16710
yj	16518
rp	16454
yo	16230
ld	15774
eb	15740
kl	15249
ya	15052
pt	14863
ör	14712
gu	14631
nö	14523
mb	13973
oy	13446
ef	13434
aw	12969
ms	12527
öm	12524
hn	12464
kn	12390
hr	12269
bl	12158
rb	12155
ug	11935
ow	11782
öö	11780
ub	11746
hl	11581
ds	11535
km	11279
we	11020
öj	10773
ew	10743
äu	10719
hv	10620
rc	10431
äd	10368
mk	10256
cu	9720
gn	9698
az	9551
ph	9336
sb	9106
gh	8799
qu	8705
cr	8690
kh	8450
za	8407
cl	8389
ff	8355
pö	8208
fl	7864
ct	7855
sw	7792
uc	7724
zi	7695
nw	7649
fu	7505
lg	7279
öä	7271
lh	7224
ze	7143
lf	7093
sd	7050
jy	7048
rö	7043
wo	6985
by	6855
tb	6815
ml	6708
äb	6595
tc	6492
öp	6410
sö	6272
xi	6264
öv	6150
ex	6146
sf	6039
dd	6010
mj	5777
gs	5764
mt	5733
dv	5489
mn	5437
aä	5425
nz	5332
uy	5119
dl	5112
dj	5103
öo	5090
ft	5033
jö	5019
iw	5008
tf	4930
dt	4899
kv	4866
iz	4844
bs	4840
gy	4809
rf	4762
dn	4681
tg	4666
td	4653
fy	4527
äf	4519
cc	4479
ln	4455
zo	4401
dm	4368
äg	4342
bb	4271
dh	4267
äc	4265
lc	4243
mc	4198
ax	4182
öd	4124
ix	4118
sg	4108
cm	4055
tw	4054
tz	4051
mh	3996
uf	3870
gm	3856
vs	3753
mr	3743
gg	3715
ez	3706
hö	3661
ws	3608
gt	3552
yc	3435
dp	3424
hs	3396
kp	3325
cs	3317
wn	3294
zz	3274
dg	3198
wy	3160
yu	3157
kj	3146
mö	3145
yb	3075
pn	3047
öa	2866
db	2838
dw	2819
ox	2810
oz	2744
mv	2742
dc	2699
fs	2668
lr	2632
bj	2584
cd	2571
gj	2517
gp	2476
rw	2461
fc	2454
vn	2438
wh	2399
ux	2393
dk	2375
yg	2367
uz	2333
cy	2310
öe	2287
cn	2193
vl	2158
bä	2156
xa	2120
pk	2099
gk	2094
yf	1952
xe	1943
mf	1933
zu	1932
gd	1893
pm	1877
vr	1872
kg	1864
äw	1823
yw	1795
wr	1778
hp	1771
gb	1717
aq	1701
xt	1688
vt	1679
xo	1664
pj	1664
df	1662
vk	1644
hc	1595
bn	1594
jn	1555
iq	1551
ww	1538
nx	1514
rz	1513
vj	1509
cj	1492
pc	1491
fk	1473
cp	1449
md	1448
mg	1416
gv	1412
xp	1398
bh	1384
fn	1382
hb	1356
gf	1330
fm	1323
sz	1318
dö	1318
xm	1313
hw	1308
vd	1299
nq	1293
kd	1263
gö	1256
lw	1247
bm	1213
kw	1211
pv	1206
wk	1202
wl	1199
xs	1188
bt	1176
hh	1169
gc	1161
kb	1156
fj	1155
bc	1155
wt	1117
jr	1108
fh	1086
xj	1076
xk	1071
xn	1067
bd	1065
zh	1052
cb	1048
sq	1043
kf	1039
rx	1023
zs	1022
vm	1019
mw	1012
vv	1009
fg	1002
lz	985
aö	984
eq	951
zy	930
fp	930
gw	921
jk	917
zb	916
pf	900
vp	886
sx	883
bk	867
zk	860
cv	855
zn	852
fv	851
dz	849
kc	833
zm	819
zl	815
bp	801
äö	793
fb	789
zt	786
pd	780
xv	779
xl	778
zj	775
wb	760
uw	745
fä	744
cg	743
wm	740
wj	719
wc	713
wu	700
cf	700
oä	685
qa	671
wf	666
pb	645
hz	639
vg	628
hf	623
js	617
gx	617
qi	609
hg	607
xf	603
cq	600
fd	596
uä	579
xx	576
vh	574
zp	569
wp	550
bö	539
bv	529
xy	512
zr	507
xc	507
år	502
äx	501
vö	499
xh	492
cz	464
rq	459
gä	457
bw	456
äz	451
ög	448
xb	446
bf	444
qv	441
cw	433
mx	429
fw	420
jm	418
zv	416
yz	412
jj	395
öb	391
zd	380
tx	380
pg	371
zg	368
oq	354
jl	340
ån	334
öu	329
xr	324
vc	313
öf	312
jp	309
wd	305
jt	302
zw	296
lq	287
jd	283
vb	282
fö	282
zc	280
gå	280
gz	279
pz	278
pw	275
rå	271
xu	270
xw	262
wv	261
ål	255
yx	246
äq	241
xd	236
wä	232
uq	232
jh	230
ås	230
åk	230
dq	225
fx	222
zf	218
vf	217
jv	216
tå	207
öc	204
tq	203
jb	195
bz	194
wg	189
mz	189
dx	189
åb	189
lå	178
ql	175
åh	174
bg	169
jc	166
qo	165
jf	161
xg	157
må	154
kz	145
fz	145
eö	142
kå	141
aå	141
nå	138
öw	137
qt	131
lx	126
kx	126
eå	124
mq	119
jg	114
oö	112
cx	110
qs	106
vw	98
så	98
gq	97
qe	93
vå	92
uö	91
qn	91
hå	91
åg	90
hq	89
vz	87
qr	87
xä	86
på	86
qm	83
zq	81
vx	77
iå	75
qj	73
zx	72
jz	71
jw	71
yq	69
hx	64
px	63
åd	63
qk	62
qp	61
åt	59
wz	56
bx	51
åm	50
qb	49
åo	43
qw	42
pq	39
bå	37
qd	35
qf	34
fq	34
bq	33
få	31
cä	30
äå	30
wx	29
qq	28
wö	27
kq	27
åv	26
åi	26
qh	25
qc	24
xq	23
zä	22
åf	22
öz	21
xz	18
öx	18
zö	17
oå	16
cö	16
åa	14
qy	12
qx	10
åj	10
wå	9
vq	9
då	9
yå	8
qg	8
åå	8
wq	7
åä	7
uå	6
xö	4
öå	4
jq	4
åe	4
xå	3
qz	3
jx	3
jå	3
åy	3
åp	3
zå	2
öq	2
åu	2
åc	2
åw	1
