sz	14691193
el	12743082
em	12468378
en	11741168
ne	11111990
eg	11049046
te	9816975
et	9078820
le	8771636
an	8505590
mi	8485730
me	7743662
az	7414669
er	7120731
ak	6969877
ta	6949448
va	6921436
tt	6685687
al	6607384
ek	6263705
ho	6040348
ol	5939413
ze	5838317
og	5812635
re	5678107
es	5651580
in	5561858
ha	5543644
ke	5494902
on	5428300
és	5371178
ez	5093780
cs	5008628
ag	4927218
at	4915009
is	4771534
ál	4770166
be	4743907
am	4722121
nd	4646234
rt	4506276
zt	4437217
na	4430652
ok	4404412
lt	4371837
ni	4277667
ér	4219719
de	4195358
ki	4158380
ar	4156358
nk	3964580
it	3955944
ve	3858687
la	3848529
ll	3783511
nt	3754991
to	3726474
se	3635678
ra	3625903
ár	3562399
om	3558178
sa	3485460
ka	3457102
ma	3373246
os	3339850
át	3330665
do	3326157
ko	3302487
ge	3276227
ba	3270551
lá	3248900
ég	3209986
én	3198755
or	3173676
ed	3067688
mo	2997667
nn	2995577
ig	2975577
án	2931917
él	2820693
ik	2757653
tu	2659997
st	2643961
ot	2621937
ké	2589624
ad	2553189
tá	2520557
he	2508395
ss	2471755
té	2422716
ás	2374633
ga	2320240
fe	2299037
ud	2179727
ja	2159052
ro	2146352
so	2127811
za	2115170
né	2077182
od	2063268
má	2039428
oz	2016158
vo	2004108
bb	1994482
as	1993560
ap	1968690
go	1940088
ül	1934925
rá	1899261
kö	1891422
lo	1811532
ln	1796394
fo	1760307
zo	1757215
mé	1755973
aj	1748486
zé	1743962
si	1737220
sé	1733079
ná	1721301
il	1715983
ít	1707716
un	1691324
ól	1668148
vi	1635174
ön	1591456
vá	1560925
je	1498191
já	1495051
zá	1461494
ün	1447864
tö	1416504
ri	1409115
lj	1401531
ét	1400220
da	1389895
lé	1389752
ék	1366043
zi	1324128
li	1312594
ör	1309162
ti	1303403
jó	1298817
vé	1281880
dt	1276706
há	1225239
dj	1223366
di	1222755
ut	1198065
pe	1194347
id	1168633
eh	1141064
ts	1138746
ág	1131857
nc	1109702
hi	1108214
ám	1106527
sá	1098679
ia	1090781
tn	1079382
áb	1079167
lk	1074553
ul	1069301
lm	1049582
bá	1048505
uk	1040991
no	1038997
ir	1035709
kk	1034855
fi	1031642
zz	1023788
ng	1023175
iz	1021703
ép	1004506
mb	978875
ró	970505
ől	968446
lő	959406
ká	957517
ös	934711
bo	930601
zn	920240
ab	918442
éz	910942
rs	909869
bi	908551
öt	892126
ák	887855
po	882143
ld	880699
ic	879494
jo	872953
pa	870786
ob	852191
öl	851498
gé	849801
tó	846752
rd	834478
jö	834417
ük	822072
rr	804749
ls	804440
ló	803177
tő	801275
gá	791804
zó	790424
zö	773617
th	772811
lg	758986
ju	758260
dn	757097
áz	756688
rü	751621
öz	738328
rn	717345
úg	715740
mm	712513
ev	709624
ök	703801
ai	703395
tl	693363
ív	691297
ej	688285
kü	678718
us	676523
ie	670797
lv	661908
zü	641470
őt	639808
gi	639185
im	638277
ur	633546
ié	630690
ah	628065
ug	621864
rő	618682
ré	616027
rm	609489
jt	604035
dd	602129
ád	599386
rj	594945
nö	591085
fé	567049
zd	561178
gt	558242
tü	554356
íg	546811
ei	546166
eb	543943
pr	542801
gg	524873
mu	523794
év	522188
tr	522020
dő	518942
dá	518033
tj	512552
db	504080
zí	496246
ős	496110
pi	496060
iv	495273
av	493746
ír	489683
dé	484751
ót	478296
pá	477689
rc	475906
lh	475851
öv	470333
ci	470051
zu	467728
áj	464139
hí	463066
ku	460626
őr	459754
öm	455490
hé	451528
ők	451259
rk	444722
zs	443530
sk	442271
kr	440168
ém	436599
rv	431677
úl	431660
nő	430593
ób	423447
co	422241
ch	417519
du	417312
oc	415598
éd	411452
új	408095
gr	404561
nj	402399
ce	401188
ib	397860
gn	396046
ru	394078
lö	394039
lu	390767
oh	389754
ns	387757
ks	386570
jd	382344
sm	381118
rz	378858
gí	372871
ac	371746
gj	368095
rl	364585
ck	364182
tk	354786
éb	353383
ór	349465
gs	349045
óv	346342
dr	344260
iá	343450
ov	341862
fa	340728
öb	336505
bó	333301
gu	332018
kt	331934
jü	329057
ep	326073
su	322796
dv	322425
ód	322383
sí	322179
ső	319324
üg	318524
ác	317367
pé	317352
áv	315775
űn	315485
tű	314731
rg	314675
ca	312961
kn	312163
ió	311680
dö	309802
ző	308625
tb	308009
gl	307799
sr	304750
gh	304504
ef	302598
kb	300478
sh	297257
tv	295936
rö	292176
ók	292010
sn	285960
gb	280815
tú	278668
pp	274539
ós	273831
ml	273728
nu	271038
br	268128
bu	266813
jn	265647
nz	260891
ds	259645
kí	255512
kó	253686
jé	253256
lü	253029
gv	250742
üt	249199
mí	240126
sü	238745
bé	237466
gö	237181
rh	235858
zl	235469
fr	235383
op	234806
ón	234604
pt	234289
mű	231509
lí	227727
bő	227282
gk	227186
ec	225701
pu	221610
rű	221392
őn	219882
rb	219147
őb	216222
sb	215716
dh	214917
au	213346
nü	213285
gó	211791
pj	210346
sd	206454
ih	205597
íz	205572
lf	205425
éh	204947
um	203427
őd	201346
bí	199736
só	199706
ín	199514
cc	197036
bl	196999
kl	196306
fu	194277
ea	191261
zb	190325
zh	189205
zk	188496
lr	187005
nb	186627
if	186185
út	184016
úr	184015
mr	183023
fő	180880
dó	179170
nl	178771
őz	174285
ee	173977
ip	173295
gm	172320
jj	172046
ög	171067
sö	171026
lc	170276
lb	169881
fá	169740
éj	167298
pc	164600
mú	164241
öd	162454
dí	160874
gf	160626
mp	159180
hu	159045
üz	158997
rf	158986
pl	152597
fö	152546
hú	152231
rí	147669
ij	144546
dü	144534
cé	141626
iu	138167
tí	137886
vö	137823
óg	137367
rú	134097
gü	132174
óz	131098
ój	131064
iú	130580
uc	130564
üd	129897
oo	129526
uh	128375
vő	127495
úz	126765
gz	126653
ái	126103
jr	125626
mó	124363
ús	123817
sl	123416
ou	120005
fü	118786
zg	117948
ps	117492
sú	115549
hö	114427
ph	111810
js	111296
io	110867
of	109210
hó	108956
sp	108761
őj	108588
gő	104921
nr	104268
zr	104240
zú	103551
eo	102402
dk	101914
pí	101637
af	100376
őv	100131
nh	98855
mn	97743
vj	97162
ví	96594
pn	96477
ür	95583
up	95192
pü	94761
cu	94001
kh	91702
bű	90319
tm	88745
vt	88002
zv	87962
üs	87638
bö	86627
hh	83613
ff	82966
hn	82863
nf	81904
ub	81496
hü	81418
gp	81405
cá	81373
ms	80723
gd	80247
űv	79154
űk	79132
űz	78898
vü	78765
nv	77731
ae	77092
óm	76706
pz	76071
ői	75070
űl	74547
üv	74376
sc	74176
őm	71981
eá	70976
cr	70591
zm	70112
mt	70029
bü	69706
sg	69210
jl	68985
tc	67577
ní	67411
nú	66810
cl	66228
eu	66211
oi	65848
ji	65125
űr	64909
gc	64792
áh	64656
bs	63710
öj	63539
pó	63492
cb	62922
mö	62359
lp	61569
ói	60734
aa	60287
űs	58989
vn	58643
úk	58118
lz	57770
dz	57099
űe	57019
ím	56074
oe	55565
nű	54248
uj	53805
űt	53187
ue	53126
óa	52978
nó	52745
bú	50677
ís	50475
áé	50299
fl	50296
dl	49385
hű	48870
ui	48803
óh	47883
ii	47579
rp	47033
öc	46989
áp	46863
oj	45989
pő	45326
hr	45078
uz	44537
zp	43454
őe	43253
dm	42275
mc	42231
hő	41734
öh	41254
kc	40238
íl	38864
kv	38618
mü	38092
kj	37396
eé	37118
jú	36958
cí	36915
jb	36817
kő	36593
ún	35553
óf	35381
mz	35249
hm	34833
km	34451
gú	34404
sv	34203
üh	34149
vv	33518
uá	33511
tf	33182
oa	32857
zű	32851
óc	32489
íj	32399
mh	32021
sf	31970
vó	31691
bn	31475
bj	31461
ct	31416
ua	30561
vb	30381
pd	30247
mj	29828
mk	29584
bk	29051
úc	28577
öp	28048
őf	28011
óp	27933
pö	27795
iü	27686
éi	27452
ht	27108
áu	27107
fú	27086
nm	26911
ao	26850
aé	26732
jz	26369
íp	26187
bd	26073
pb	25863
uf	25626
éé	25492
pv	25005
űj	24717
lú	24330
zf	24153
pk	23261
vu	23235
dp	22694
bt	22211
őh	21797
hl	21577
jk	21567
tg	21540
eü	21273
vl	21146
kú	20808
ft	20649
őp	20619
űg	20118
vr	20099
őa	19999
vű	19880
fű	19842
eó	19518
jh	19441
öö	18901
dg	18531
áf	18473
vd	18114
tz	17712
vs	17697
űh	17437
űb	17370
uv	16355
md	16094
áá	15900
áí	15427
íc	15217
őg	15046
üm	14768
cn	14756
vh	14654
np	14639
eí	14637
éc	14305
éf	14295
úd	14184
bh	14045
fó	13924
úv	13874
fb	13552
áa	13544
jf	13537
íd	12881
kf	12421
úb	12380
mf	12351
fj	11875
kd	11299
őc	11197
mv	11146
df	11082
pf	11053
sű	10957
úa	10900
kű	10741
dú	10531
gű	10485
jí	9588
pű	9563
ík	9104
aá	8565
őé	8480
jű	8096
óó	8072
üi	7691
óé	7270
öf	7216
kz	7184
oé	6897
hs	6577
cg	6271
cm	6184
vf	6109
jm	6090
vú	5861
có	5859
jv	5764
hb	5750
őá	5703
úm	5541
aú	5488
tp	5442
jő	5414
zc	5374
zj	5352
őí	5297
aü	5254
uu	5253
fn	5162
iö	5077
aö	5044
dű	5043
td	5010
lű	5006
óe	4952
úú	4947
áo	4903
jc	4892
kp	4744
pú	4616
úf	4526
vk	4413
öi	4365
úi	4217
üc	4214
őő	4179
aó	4144
mg	4140
iő	4135
mő	4114
pm	4072
uo	4043
űa	3996
úp	3982
cv	3786
hj	3725
kg	3714
fg	3683
bc	3537
cd	3485
őo	3458
cü	3403
eö	3316
cö	3235
bm	3232
bv	3204
üf	3200
cf	3164
íb	3052
úh	3045
cú	2911
űm	2911
dc	2766
cp	2753
bz	2712
hk	2615
óá	2608
bf	2608
sj	2568
fm	2525
vm	2520
oá	2482
őu	2469
ií	2449
cz	2382
őü	2369
aí	2366
áó	2325
fs	2243
fk	2237
jp	2233
őú	2079
hd	2074
űd	2054
hc	1924
bp	1913
vc	1887
jg	1763
űi	1722
ía	1671
ué	1566
üb	1527
űf	1483
hv	1455
íe	1420
üj	1406
áe	1396
óo	1392
íí	1372
hf	1355
öu	1335
vg	1329
fí	1321
ée	1234
úá	1228
éü	1227
fh	1204
iű	1199
éa	1107
úé	1055
áú	1030
hg	1027
óu	991
óú	913
fp	907
eő	843
üe	837
óü	829
pg	796
űű	785
hp	779
fd	742
éo	684
őö	641
vp	636
áü	635
cj	627
fc	507
bg	486
uó	442
íf	434
öe	430
űé	407
óí	388
űc	386
őó	381
uí	373
űp	361
íi	357
íá	342
vz	336
eú	317
óö	311
üa	294
üp	291
éá	285
aő	275
ío	274
hz	254
óő	237
oó	231
áö	231
úe	222
aű	183
öa	181
üu	167
íh	167
fv	166
íó	135
üü	113
uú	100
uő	99
éu	89
fz	88
cő	84
úu	83
öé	79
űu	76
éí	75
íu	73
úü	72
íé	70
oü	69
oí	61
úö	60
íü	58
eű	58
öo	58
öá	55
öü	54
űá	48
úo	46
uü	46
oö	44
üo	41
öí	38
íú	38
oú	37
űú	35
éú	34
üé	34
cű	29
űo	28
üö	26
öő	25
űü	25
üú	25
uö	24
űó	23
úő	23
őű	23
űí	21
üá	19
éö	18
üó	17
éő	16
éó	15
öú	13
íő	13
áő	11
úí	10
áű	9
óű	8
öó	7
uű	7
üí	6
üő	5
éű	5
űö	3
íö	2
oő	2
oű	2
íű	2
öű	1
úó	1
űő	1
úű	1
üű	1
