er	14077788
no	13714623
on	13679876
re	13492617
to	12455754
co	10527157
di	9666275
ta	9657101
ar	9587860
en	9350059
ra	9158095
an	9155253
te	8826931
ch	8684721
st	8608848
ia	8172818
la	7991379
or	7990854
at	7829308
ti	7638071
in	7431911
io	7029887
nt	6871161
ri	6841548
so	6602169
es	6476547
pe	6455596
si	6349165
ro	6345809
he	6323242
se	6272650
un	6258927
tt	6236244
al	6134529
de	6097479
ma	5952944
sa	5816520
le	5808426
ne	5684030
mi	5630428
qu	5598173
os	5417932
me	5328775
ci	5271143
li	5268831
lo	5178576
am	5102682
mo	5091930
el	5087696
na	5013274
ll	5000921
do	4985908
ve	4913122
ol	4785116
nd	4710312
ca	4655346
tr	4583253
ss	4487006
il	4465987
po	4319256
da	4261721
pr	4025107
ic	3916015
vo	3697965
ce	3601754
et	3588609
ni	3514679
av	3468611
fa	3457001
ie	3394559
tu	3352329
pa	3338702
as	3225548
ue	3208072
it	3171075
sc	3156431
is	3130265
ai	3093245
ua	3077124
va	3034435
vi	2998527
cc	2965398
om	2931337
pi	2900038
ut	2816662
uo	2784082
rt	2781758
ha	2776877
gi	2737713
be	2604164
hi	2515413
ac	2483065
gl	2472591
im	2463446
su	2450342
zi	2362540
ei	2232438
ed	2176240
bi	2152438
em	2041549
ir	2032651
ov	1992465
lt	1962716
ev	1933527
ag	1914455
ot	1890117
ui	1884430
sp	1848488
nc	1794097
az	1712122
ap	1707802
fi	1686464
rc	1660518
ad	1643954
ig	1635638
eg	1616722
ho	1596980
cu	1585826
nn	1585549
bb	1545276
mp	1525441
og	1466872
oi	1440878
gn	1418756
ba	1417613
rl	1389006
iv	1374952
ga	1357121
ur	1311238
iu	1306175
za	1282441
rd	1278959
fo	1277215
us	1274642
ns	1253649
oc	1240709
rr	1214376
zz	1211975
rs	1186955
rm	1184845
ec	1183917
op	1181424
id	1153825
ge	1124210
ab	1073622
gr	1064690
nz	1020736
ul	975905
mm	965049
ng	962791
rn	931356
cr	929109
pp	927677
fe	923533
pu	912366
gg	892261
lu	887123
nu	844729
mb	839413
br	816730
uc	809477
gu	809307
lc	805405
eh	732219
go	709097
eb	704667
vu	700223
iz	690544
du	679714
dr	675624
s챙	638494
ff	633559
vr	613898
ea	599913
zo	572481
ob	565154
od	563457
fr	555257
fu	546486
bu	535190
ip	510410
ru	508909
vv	491938
oh	491686
ib	488764
if	480772
bo	461942
au	450047
up	431532
rv	419521
ez	385805
rg	383754
lm	372324
mu	365003
um	345815
af	340064
i첫	339222
ub	321192
h챕	315417
bl	305439
nf	303991
ud	294455
nv	291016
eo	280429
pl	270291
r챵	257990
nq	257352
of	249501
ld	245918
ep	245176
ug	237641
ef	236902
th	229591
cl	229536
rz	220556
sh	216381
ao	209993
ze	209920
dd	200069
lv	199698
sm	191872
gh	191653
ah	175651
lp	175398
ee	161989
sb	159877
rp	158477
ae	155625
oo	153750
ou	152151
sf	145499
uz	139240
ls	138314
uf	131211
rb	126674
oe	116669
sv	107432
rf	105983
u챵	98709
oz	92424
fl	80085
hu	74050
ph	68097
cq	67850
ct	66573
sq	65746
h챔	65023
l챙	64581
ii	60711
i챵	57899
hn	57525
lz	56350
lb	56090
lg	55196
eu	54230
oa	48064
ps	47597
tl	44397
sg	44078
sl	43491
eq	40221
ts	39713
hr	36814
lf	35403
hm	34504
tc	30794
zu	30379
nr	29790
ds	28719
ln	28397
mc	27407
uh	26792
aa	26663
ht	26337
cn	25480
bs	22497
dg	21915
ms	21231
tm	19983
dl	19808
hl	19522
tv	18960
gs	18324
tn	17744
tz	17640
dn	17544
d챙	16666
n챕	16218
o챔	16136
sr	15981
pt	15979
nl	15688
gt	15448
uv	15360
fb	15286
s첫	15200
iq	14891
sn	14810
sd	13583
ft	13225
mr	13088
f챔	13002
nh	12008
nb	10884
hh	10227
aq	9493
tb	8944
dt	8904
rh	8885
t챵	8038
oq	7987
dm	7710
rq	7541
uu	7408
t챔	7164
s챠	6693
cs	6382
s챕	6326
gm	6246
n챵	6102
cg	5913
ml	5834
d챠	5801
dh	5774
챠a	5416
r챠	5393
p챵	5270
pn	5209
r챙	5168
pz	5125
cd	4925
t챠	4922
lr	4891
lh	4775
챠o	4741
d챵	4553
zh	4452
mh	4441
pc	4424
ih	4418
챠n	4277
zl	4241
mn	4001
cm	3899
l챠	3873
vl	3847
hs	3843
nm	3730
dv	3632
m챠	3572
bc	3543
c챠	3542
np	3521
fg	3418
hb	3399
db	3398
tf	3226
p챙	3183
gp	3180
t첫	3180
bd	3136
n챔	3022
dc	2997
v챵	2982
lq	2921
챠l	2883
n챠	2840
b챔	2834
s챵	2822
u챙	2811
bh	2791
gd	2786
챠c	2776
df	2768
gb	2741
vd	2726
tg	2584
gf	2570
l챵	2458
챠t	2439
hd	2346
mt	2307
r챕	2243
fc	2232
pb	2229
v챠	2193
챠s	2175
mg	2165
챠e	2068
fs	2047
cb	2022
g챠	1989
c챵	1988
s챔	1974
qi	1974
t챙	1961
c챙	1945
uq	1908
fm	1897
b첫	1883
vs	1876
sz	1850
hc	1848
md	1841
챠m	1836
bm	1827
m챵	1826
p챠	1812
pm	1775
zg	1654
n챙	1581
hf	1565
zr	1559
qa	1558
cp	1539
bt	1488
t챕	1464
dz	1435
mf	1428
h챠	1427
zm	1393
bn	1377
a챠	1361
챙a	1350
챠r	1317
cz	1294
b챠	1253
l챕	1222
zb	1206
tp	1201
i첬	1163
e챠	1155
zp	1151
pf	1143
챙o	1136
챕r	1125
m챙	1118
r찼	1112
챠g	1103
u챠	1099
r챔	1096
챠v	1081
hv	1055
cf	1052
챙n	1029
td	1011
찼n	1009
f챠	1009
l챔	1006
f챕	991
vn	980
챕l	979
i챔	971
t찼	952
z챠	929
z챵	919
fn	905
pd	895
챕e	892
vg	885
zn	882
처n	871
zv	863
d챕	855
g챵	843
zt	836
d챔	835
챔r	810
m챕	807
m챔	806
챠d	789
r처	758
챕n	728
챙t	686
n첫	685
zs	685
o챠	672
fd	668
g챙	660
b챕	651
dp	646
챔s	638
챙l	629
챠u	619
cv	616
챕s	612
챙c	608
qe	598
u챕	589
h챙	589
i찼	584
pg	581
챕m	575
c챕	555
m첫	532
mz	523
hg	523
챙e	523
mv	518
챠첫	517
챙챙	505
b챙	500
챔n	498
bz	491
챙s	490
챠b	484
i처	483
zc	477
qq	471
l찼	470
hp	466
p챕	466
gc	459
f찼	456
찼t	448
v챙	447
챔l	446
bf	428
e챙	418
z챙	415
u처	413
챕t	404
qc	398
gz	398
p챔	394
vc	388
챙m	385
zd	383
m찼	381
vb	378
챠p	371
fh	369
e챵	368
챕c	364
bp	359
o챕	358
찼s	356
챔i	355
vp	355
챙g	355
u챔	349
챕p	348
a챙	347
챙i	343
l첫	338
챔m	334
챠z	334
gv	331
f챙	330
z챕	323
m처	319
i챕	316
챠f	315
r첫	314
처l	314
d첫	310
g챕	306
vm	303
챵n	289
p찼	288
o챙	280
챕o	277
b챵	274
c챔	271
mq	261
챕d	253
c첫	242
qo	240
h챵	237
pv	227
챙r	226
p첫	214
g챔	214
v찼	214
bg	209
첫n	203
f첫	199
챕a	197
qv	189
챙첫	188
v챕	187
qr	186
찼r	183
vh	179
vt	178
챙v	175
qb	173
챕g	170
bv	167
챙d	166
챔c	162
fp	161
d처	159
qd	158
v챔	157
챔t	155
l처	154
qn	147
s첬	144
ql	141
챕v	137
qs	134
챔v	134
dq	134
찼l	133
챠챵	132
vz	132
g첫	130
s찼	123
gq	122
z챔	122
처m	121
첬n	118
c처	118
hz	118
d찼	115
zq	114
qt	114
zf	114
챕b	113
처s	111
tq	109
처p	108
챙u	108
챙f	105
a챔	104
f챵	103
처r	99
챙p	96
챕z	96
g처	95
챕f	95
챵s	95
첫첫	94
챔f	90
첬s	89
qh	89
챔챔	89
p처	88
vf	88
t처	88
챙b	88
챔g	87
s처	87
i챙	84
qg	83
챔e	83
챕q	81
챙z	80
t첬	79
첫h	78
c찼	78
hq	76
첫a	75
n첬	74
챔p	73
fv	73
챠챠	73
a첫	72
qp	72
u찼	71
v첫	70
n찼	70
첫l	69
첬l	65
챔q	65
e챔	65
o첫	64
a챕	63
첫i	60
챵r	58
찼g	57
챕i	57
qm	55
첫e	54
l첬	52
챔d	52
z처	51
z찼	51
r첬	51
첫r	51
b찼	50
찼m	48
찼z	47
fz	46
찼c	46
a챵	45
챵m	45
bq	45
e챕	45
e처	44
pq	44
u첫	44
챔a	44
h찼	43
챵i	41
h처	41
첫s	40
d첬	38
챔o	38
첫o	36
챵t	36
첬m	33
챕u	33
b처	32
찼i	31
n처	30
첫u	29
처t	29
챵l	29
챵f	28
처z	27
챔b	27
a첬	26
챔z	26
b첬	25
찼p	25
챵h	23
찼u	23
첫g	23
챕챕	23
g찼	22
챔h	22
챙챵	21
h첫	21
챵챵	21
i챠	20
챵c	20
m첬	19
챠q	19
첫p	17
챠처	17
첫c	17
g첬	16
첫f	16
p첬	16
챵v	16
첬i	15
f첬	15
찼d	15
fq	15
qf	15
첫t	15
처a	14
찼v	14
e찼	13
첬a	13
챙챔	13
c첬	13
qz	13
챔u	13
o챵	13
챵p	13
챵g	12
찼f	11
찼b	11
챵챔	10
첬b	10
첬p	10
챠i	10
첬t	9
처i	9
vq	9
처v	9
처c	9
첬c	9
챠챔	8
v처	8
처d	8
챙h	8
첫v	8
챵d	8
챕챔	7
처f	7
첫챙	7
첫b	7
챵e	7
e첫	7
첫챵	6
첬r	6
찼e	6
처g	6
챵a	6
챵o	6
z첫	5
첬z	5
z첬	5
첬d	5
처u	4
처b	4
챵b	4
첫m	4
q챠	4
찼a	4
처챠	3
찼q	3
o찼	3
q첬	3
챠h	3
챔챙	3
q처	2
처o	2
찼o	2
h첬	2
첫d	2
f처	2
a처	2
q첫	2
챕h	2
a찼	1
첬e	1
챵z	1
처e	1
처h	1
첬v	1
첬f	1
챠챕	1
찼h	1
찼챵	1
첫q	1
챵챙	1
첬u	1
o처	1
q챙	1
챙챠	1
챙q	1
챕챠	1
챔챠	1
챙처	1
챵첬	1
챔챵	1
찼찼	1
챕첫	1
