en	36632981
er	19615532
et	17125526
ee	14894958
de	14850854
ie	14249335
aa	13732253
an	12892659
he	12710196
ij	12023263
ge	11836672
at	10982592
te	10966554
el	8908903
ik	8853706
ar	8783664
da	8750863
je	8693275
oe	7416849
we	7383240
is	7248073
in	7218135
me	7113644
oo	7090399
be	6612209
wa	6510819
al	6507830
ve	6425673
st	6120574
ch	6036596
le	6002320
or	5876294
ni	5787341
nd	5425683
on	5287461
ma	5219206
ze	5145569
re	5072444
li	4831694
ke	4409492
di	4387446
ne	4323764
om	4179476
it	3999273
zi	3926688
va	3874833
hi	3844037
ed	3691886
ro	3554924
eb	3545226
es	3503262
ng	3463822
op	3401661
rd	3398555
la	3385787
vo	3295328
ha	3231706
jn	3203192
ri	3189552
nt	3177482
ra	3157225
ou	3145111
ll	3131995
eg	3073414
mi	2969938
ho	2898790
do	2896539
mo	2883845
zo	2830362
em	2827934
ht	2775261
ui	2738055
na	2712244
wi	2688016
ti	2516768
ns	2474634
to	2458859
ek	2449309
as	2395351
no	2387362
il	2377179
ig	2367792
ga	2279614
ei	2264161
sc	2130149
ko	2106628
ls	2100102
pe	1978002
ev	1972993
jk	1936158
ef	1898167
ag	1877733
ak	1853314
lo	1828197
ka	1825875
ac	1798510
rt	1788339
rs	1767009
ad	1704126
am	1648673
nk	1622600
se	1621273
ta	1608801
ld	1594711
ts	1590583
ur	1527668
og	1486941
nn	1482364
pr	1446382
ez	1428921
kt	1402796
ja	1400262
uw	1399936
go	1391354
ru	1390483
ft	1379081
ok	1368841
ol	1352777
bi	1331401
wo	1324639
ec	1320504
eu	1311496
ot	1304025
tr	1287825
ov	1270244
of	1226135
us	1215803
id	1207921
vr	1199445
un	1194405
pa	1193963
ul	1179859
rg	1176259
od	1147987
ic	1121961
sp	1102282
za	1096596
gr	1073741
ss	1065506
bl	1033594
rk	1020892
jo	1020555
hu	1017154
ew	1015964
vi	991624
ap	959397
br	931779
dr	931171
ki	926345
ba	910410
ji	896379
nu	893517
sl	873507
bb	860917
af	825153
lt	816711
bo	814393
rl	811648
lu	797705
tu	790225
kl	772369
oi	771630
gi	769882
oc	768999
so	767542
ud	766781
co	754859
ku	753881
du	744394
jd	743953
rm	739758
kk	734508
si	710534
tt	692841
ju	676557
pi	667268
uu	622314
pl	620682
ep	608597
uk	593745
os	579021
ut	565328
kr	561806
ug	557934
po	557536
lf	543736
tj	529270
th	518159
ca	516075
sa	511486
fe	510192
gt	505108
tw	498851
mm	494081
lk	491845
rr	491421
ds	490571
ob	486639
im	478879
bt	472476
dt	453080
rv	446666
ea	446455
gg	443583
au	432535
ct	431662
eh	428327
ks	420537
ce	418559
pt	416208
fd	415977
pp	410916
mt	407369
dd	397810
rb	397567
ia	390848
md	387964
bu	387461
nz	384318
av	368567
gd	366393
fo	364023
ci	363617
ai	348710
fi	347802
jf	347442
zu	340827
sn	332630
lp	325861
kw	324324
rn	320983
gs	315145
ir	313309
sj	303364
rh	301826
ck	298990
sh	297972
jg	297661
ry	290441
mp	287087
uc	284052
ff	280373
rw	277995
io	277822
fa	274828
lg	272034
ké	268638
rz	266945
ab	261691
vl	255389
nl	250635
nc	242472
um	236336
jt	225576
pu	225293
zw	224836
oh	222388
hr	220843
fs	218299
oa	216617
ms	214943
ex	212187
su	208946
ip	206211
ey	202278
fr	195343
iv	190751
tz	185284
én	181737
jv	181196
sm	181174
js	170136
rp	168760
mu	163383
nv	162847
fl	161172
tg	160729
cu	159255
if	155895
ub	154774
ps	153345
gh	152701
tm	149855
éé	149814
nh	149228
cl	148320
pg	148306
nb	145681
jp	143770
ow	143048
rf	142839
cr	140902
ly	140236
sk	137662
kn	137558
ay	136972
dw	131427
eo	129385
lm	128699
mr	124060
tb	123069
iz	122132
nm	122011
hé	117787
fg	117512
mb	117197
rc	116981
uz	116636
nw	114027
ue	113948
ph	112888
tv	112415
by	108757
gl	108669
kj	104004
ty	101383
az	100037
jz	99619
sy	99312
sd	99291
vu	99043
ië	98715
dj	98406
ah	97916
tl	97308
ny	97246
lv	97204
dy	92019
dv	90305
sb	89483
td	89108
gu	88506
ua	86097
nf	85948
up	84593
ën	82816
qu	82409
wd	81663
hn	81366
ys	80929
cc	77822
ws	77392
oz	75954
my	74767
kh	73788
jl	71964
dg	71693
kb	70141
aw	69297
nr	67865
ib	67447
hè	67263
bs	66487
ya	64986
yl	64584
yo	63940
gn	62654
lj	62566
pj	61561
eë	60422
uf	58924
sv	58495
lb	58488
yn	58366
oy	57220
tk	56633
sg	53727
ax	52891
lw	52222
tc	52033
tn	49263
ky	48798
pn	47896
xc	47589
dh	46854
ae	46717
fu	45407
gk	45164
iu	44381
mh	43166
dk	43084
xi	42977
cy	42405
ye	42134
sw	41931
wr	41667
yp	41355
np	40948
dl	39324
hy	38721
fb	38684
tp	37970
pd	37955
ïn	36875
fj	36268
lh	36067
xp	35956
mg	35561
xt	34769
gb	34463
pz	34330
uh	34258
ln	34240
mc	33965
wh	33908
yc	33307
db	33307
dm	33130
zz	32270
rj	31532
nj	31478
fm	31423
aj	31330
eé	31288
gw	31147
eï	30634
ym	30343
dz	30266
hz	30105
wn	29803
lc	28954
fw	28449
wt	28306
sz	28127
oj	27369
dn	27364
dp	26107
pv	25768
ox	25661
gv	25481
xe	25107
sr	24931
yd	24862
uv	24701
kz	24367
xa	24103
wu	24098
gz	23925
fv	23314
sf	23207
ix	23132
pk	22960
fh	22693
pb	22460
km	22254
ml	21447
hl	21401
hm	21117
ej	20627
gm	20542
ër	20150
ao	19833
fk	19124
ël	17997
gy	16045
eq	15967
fz	15911
tf	15816
ii	15487
jh	15057
yt	14807
yr	14608
pm	14450
pw	14351
mk	14161
jw	14119
py	13934
oï	13782
jb	13699
wb	13068
èr	12884
kp	12865
lz	12513
fy	12295
iè	12266
xy	12076
wl	11708
aï	11576
fp	11201
yb	11191
gj	11091
mf	11034
kg	10975
dc	10604
lr	10526
gp	10337
yu	9850
vé	9748
wk	9738
ux	9704
mv	9664
kd	9493
jm	9409
cs	9156
mw	8829
ïd	8751
cg	8673
iq	8577
ïs	8520
vs	8366
uï	8291
xo	8088
ih	7977
hs	7629
bj	7511
èn	7470
kv	7331
mz	7231
wc	7132
yw	7107
wy	7035
mn	7020
pc	6576
hh	6518
zy	6311
ëi	6169
ëe	6005
df	5803
oq	5798
cd	5762
vy	5730
hw	5520
fn	5482
sq	5482
aq	5405
uy	5379
uo	5239
fé	5217
cè	5187
wg	5178
ör	5065
yg	4793
vd	4771
pf	4750
gf	4727
qo	4690
oö	4610
té	4537
yi	4456
hb	4420
yk	4342
zh	4085
óó	4066
cm	4064
cn	4034
iw	4021
ór	4016
yv	3957
oë	3905
vó	3901
kf	3880
él	3702
ré	3606
aë	3586
iy	3494
bd	3493
wm	3476
uj	3447
cj	3387
yf	3382
cq	3364
bc	3161
bh	3153
hd	3090
gc	3073
ér	3072
dé	3034
ün	2969
rö	2790
rè	2775
és	2765
fc	2724
wv	2723
ww	2676
wp	2669
xu	2661
ïe	2641
zl	2626
bn	2616
vj	2606
wj	2590
lé	2560
cb	2515
kc	2485
hc	2471
ön	2465
jr	2438
nq	2435
wf	2392
sé	2361
bz	2337
hk	2314
eü	2247
nx	2231
rq	2164
ït	2138
üh	2074
né	2054
fü	2046
cp	1993
yj	1972
ëx	1956
cv	1944
xf	1943
ée	1923
hj	1911
èm	1901
hp	1892
bm	1852
éc	1843
vn	1818
zm	1726
xl	1665
hf	1643
zó	1638
ëz	1632
zr	1610
ét	1590
mé	1590
ëv	1580
ët	1522
èè	1447
üb	1447
qa	1392
gé	1327
kè	1318
zs	1297
yz	1255
jj	1248
mj	1207
xx	1180
cé	1180
yh	1176
hv	1157
zn	1155
uq	1145
cz	1138
ïr	1120
zg	1119
qi	1097
cf	1091
ïï	1082
ïm	1074
wé	1073
ié	1067
ém	1061
mü	1031
zb	1022
hg	1009
éd	990
pé	950
zt	940
ón	934
át	921
rx	914
bv	887
xb	875
bw	860
xw	849
zk	847
üm	830
vc	824
dá	823
ué	803
án	801
èv	785
ür	768
uü	757
hö	757
éa	750
ïc	748
là	727
nè	716
gö	707
ép	686
zp	685
ès	677
zj	675
ég	672
bé	663
ár	656
èl	637
vp	624
xh	621
bk	619
éo	611
év	584
bp	583
áá	562
lè	530
íj	528
vk	523
èt	518
zc	512
óf	507
bè	507
zv	502
mó	502
üs	494
xm	492
xs	491
éj	489
èc	478
wá	475
öe	455
yx	454
éb	446
vv	443
wz	437
jc	430
öm	426
ës	421
ëd	411
xv	402
bf	402
vg	400
rü	400
öh	391
dè	382
lá	373
vf	363
nó	359
tá	350
xd	346
öl	345
má	344
ín	339
zd	339
jà	329
ül	324
yy	324
gü	322
zé	317
bg	309
jé	306
ík	302
ál	299
ía	299
üp	296
vt	295
ás	292
mö	291
éz	291
ék	290
ïa	288
oé	288
óg	287
zü	284
pè	282
ëm	279
tè	279
jö	278
eè	269
öp	269
ös	262
fö	260
vh	259
hx	255
éf	255
jy	249
mí	249
cw	247
tx	243
xn	242
óe	237
àt	230
íe	230
ïl	230
hü	225
ís	224
öd	222
rí	221
ïb	220
qe	216
ró	216
nú	215
hq	213
vm	211
lü	209
xk	204
lq	201
dü	200
kö	200
lö	198
sè	195
dö	193
sí	189
öt	187
dí	180
vw	179
kx	179
há	176
mx	176
ió	176
xr	176
qq	170
lí	168
sö	168
dx	167
tó	165
vx	164
bö	163
rá	162
jí	159
qb	158
uè	157
èd	156
ëf	156
gè	154
dq	148
üt	145
wè	143
iá	143
iï	141
ïg	140
ná	137
zf	137
bq	135
ún	134
ní	133
gq	130
bü	129
vè	128
ïv	127
tí	127
ïi	127
qr	123
gà	120
zq	120
ló	119
fè	119
óc	116
vá	116
áp	115
sü	114
ít	114
mè	114
öz	113
xg	112
fï	112
dà	108
wí	105
kü	104
ós	101
öc	100
dó	100
uá	99
hí	99
cí	99
ók	98
ká	98
üg	98
mq	98
vb	98
èg	97
zí	96
có	96
éh	95
óp	94
sx	94
jó	94
ám	93
zx	92
óu	91
tü	89
px	88
üc	87
óm	86
ág	85
eó	83
óv	82
uí	82
üz	79
ús	79
zá	78
íl	77
öb	75
ög	74
cá	74
àn	72
ök	70
lx	68
já	67
jü	66
qw	66
qt	65
xq	65
xj	65
ói	64
wü	63
hó	63
qh	63
ád	62
áz	62
kó	59
lë	59
tà	59
éx	58
ír	57
aí	57
sú	55
úl	55
ïo	55
wq	55
üe	55
pá	55
lï	55
gx	54
íc	52
yq	52
vz	52
cú	51
fx	51
nï	50
éw	50
ác	50
ïj	50
yè	49
éu	49
éi	49
wà	48
sá	48
cü	47
dú	47
ví	46
cx	46
pq	46
nü	46
hë	45
gó	45
ío	45
íg	45
íd	45
bá	44
aü	44
dï	43
öy	43
të	42
uë	42
gá	42
qv	42
qs	42
öv	41
wó	41
bx	41
tö	41
wö	39
lú	38
öw	38
ów	37
tú	37
èp	36
aú	34
fá	34
èq	34
aé	33
yé	33
èh	33
èe	33
èf	32
mà	32
qd	31
üd	31
eí	31
àl	30
kí	30
tq	30
óé	29
ëë	29
qm	29
ót	29
ái	29
ïz	28
qc	28
éy	28
qn	28
áb	28
áv	28
àr	28
ím	28
rï	28
hú	27
úc	27
àà	27
úi	26
öf	26
sà	25
ük	25
só	25
kq	25
wx	25
nà	24
tï	24
ák	24
ëp	23
xz	23
éè	22
üj	22
uà	22
iú	22
eö	22
úw	20
kú	20
yü	20
pí	20
oí	20
ëj	19
às	19
àg	19
íb	19
fí	19
oè	19
jx	18
oà	18
pó	18
bó	18
èo	17
üi	17
và	16
ív	16
zè	16
qy	15
pà	15
ql	15
zú	15
úr	15
gí	15
èj	14
jú	14
úm	14
èi	14
qp	14
eá	14
ïk	14
gë	14
ód	14
èa	14
vö	14
ëg	13
èb	13
rà	13
cï	13
üy	12
ëb	12
hï	12
oü	12
mú	12
ól	12
zà	12
úa	11
àm	11
íí	11
áx	11
éq	11
ëc	11
jq	11
hà	11
ëu	11
ià	11
qz	11
fq	11
rë	11
në	11
èé	10
íi	10
ïh	10
zï	10
áf	10
nö	10
bí	10
rú	10
ií	9
kà	9
ài	9
fó	9
èk	9
aè	9
kë	8
íp	8
jï	8
üf	8
oó	8
xí	8
íf	8
àc	8
iö	8
öx	7
vq	7
áe	7
úv	7
pú	7
áh	7
qg	7
sï	7
fà	7
pü	7
èz	7
wï	7
ïp	6
üa	6
mï	6
yá	6
íé	6
fú	6
vï	6
pö	6
yó	5
íz	5
àj	5
óh	5
àk	5
íq	5
út	5
bú	5
jè	5
áo	4
öj	4
zö	4
íx	4
ïx	4
cë	4
dë	4
àp	4
óo	4
pï	4
úú	4
üü	4
eú	3
àb	3
ëé	3
úp	3
ïf	3
óú	3
yë	3
wë	3
ïë	3
oú	3
éë	3
oá	3
bë	3
yï	3
úd	3
bà	3
qf	3
jë	3
áa	3
óz	3
éü	2
èy	2
öö	2
üu	2
úh	2
yö	2
üv	2
gú	2
kï	2
qü	2
öè	2
èë	2
ób	2
úz	2
xé	2
óx	2
bï	2
àz	2
áj	2
íï	2
èx	2
qk	2
cö	2
gï	2
ëk	2
èu	2
öq	2
më	2
aá	2
éï	2
aö	2
íu	1
öá	1
ïu	1
ëa	1
yú	1
öï	1
qx	1
új	1
ïí	1
öo	1
qú	1
úe	1
ïé	1
üw	1
úf	1
üo	1
ïy	1
cà	1
úb	1
íë	1
yà	1
àf	1
úg	1
àh	1
öi	1
qí	1
àv	1
ój	1
aà	1
aó	1
vë	1
áu	1
së	1
íh	1
