写邪	392141
褬械	360334
薪邪	292920
谢懈	269405
薪械	266091
褉邪	264585
屑芯	259211
邪屑	246265
褌邪	230857
褌懈	218985
薪懈	217570
褋褌	212006
泻芯	209759
褋邪	204520
褉械	203219
褌芯	199744
褌械	195598
锌芯	186620
胁邪	185301
泻邪	184500
懈屑	174667
芯胁	169046
胁芯	162370
锌褉	160844
屑邪	158836
薪芯	157067
谢邪	151770
胁懈	142025
蟹邪	140993
褋械	140972
写械	136741
胁械	136223
斜懈	133741
褉懈	132346
邪谢	130419
邪泻	129423
邪薪	128942
褕褌	126993
械屑	123348
写懈	122255
械薪	120318
芯褬	119599
芯写	119377
邪写	118277
邪胁	117679
懈褋	115825
邪褌	115397
褉芯	113921
写芯	113194
邪褉	112151
屑械	111048
邪褬	110759
屑懈	110420
芯薪	109761
褬邪	109557
芯褋	108393
械写	107757
懈褌	107458
懈褬	106942
芯褉	105677
懈薪	102173
芯谐	100015
芯屑	98398
谢械	96804
懈谢	94133
褋懈	90154
邪芯	87509
械褌	86131
谢芯	85775
械泻	84977
械褉	83799
芯斜	79452
邪褕	78803
褌褉	78779
谐芯	77463
芯谢	75606
械谢	73147
褯械	71422
卸械	71273
懈褕	69546
邪褋	69175
谐邪	68531
褋胁	67606
褋谢	67358
械褕	65783
锌邪	64688
械褋	64249
懈泻	64051
懈芯	63613
懈蟹	61570
蟹薪	60704
斜邪	58706
褋褍	56216
斜褉	55361
褉褍	55256
泻褍	53646
斜芯	52783
褌胁	52723
懈写	51565
芯褌	50280
褬褍	50102
械褯	48723
褮械	48307
邪蟹	47932
褑懈	46680
懈胁	46527
懈褑	46014
褔械	45917
芯泻	45899
褍写	45597
斜械	44195
褔懈	43781
械斜	43481
写褉	43047
褋锌	42874
胁褉	41163
懈褏	40605
芯卸	40405
薪褍	40125
写褍	39139
褍褌	39095
褋泻	38473
泻褉	37568
写薪	37550
谐褍	37290
谐谢	37282
褋屑	37140
谢褍	37045
褕械	36126
锌懈	35988
褕邪	35523
卸懈	34811
锌褍	34362
泻懈	34352
懈褔	33450
褬懈	32729
懈褉	32651
褔邪	32292
邪锌	31699
械胁	31595
蟹懈	31235
褯褍	31232
褍褋	31114
邪卸	30634
芯褕	30598
械谐	30148
芯锌	30026
褌褍	29899
邪褮	29732
褍褉	29612
褯懈	29365
邪褔	29317
锌械	28237
褍斜	27973
褑邪	27398
芯蟹	27186
褍锌	27129
褑械	27070
泻械	26731
斜褍	26249
屑褍	25759
械芯	25238
邪褑	25214
褭褍	25180
泻谢	25099
谐褉	25068
褬芯	24342
褭械	24144
褍褬	24072
褍褔	24069
褍褕	23424
芯褯	23258
蟹胁	23130
懈谐	23106
薪写	22507
褏邪	22272
械褬	22271
褉薪	21967
械蟹	21954
褍薪	21791
褍屑	21516
褍谐	20875
薪褌	20859
胁写	20563
胁薪	20439
胁褍	20377
褭邪	20324
褏芯	20279
褋薪	19961
褍泻	19794
褮邪	19488
褯邪	19401
懈褯	19095
褕懈	18997
芯褭	18614
芯褔	18000
褣械	17842
褉褌	17809
锌谢	17687
邪谐	17562
褏胁	17499
褍蟹	17411
褋芯	17374
械褔	17321
褍褯	16858
褔薪	16781
蟹械	16692
蟹谐	16559
邪斜	16461
械锌	16423
褌薪	16224
褔褍	15794
褋褉	15662
卸邪	15632
薪褋	15393
谐写	15354
蟹斜	15098
褍胁	14757
邪褯	14687
褮懈	14591
蟹芯	14357
褉胁	14222
褍卸	14190
写胁	13977
褍谢	13903
芯褣	13721
械褮	13282
械褭	13280
屑褉	13213
邪褍	13019
褭懈	13002
褏械	12877
邪褭	12099
斜谢	11971
谐械	11790
屑薪	11604
械褑	11572
蟹褍	11528
谐懈	11505
蟹写	11339
褑褍	11273
邪褏	10821
褌泻	10820
谢薪	10732
褬写	10653
褕泻	10542
褎懈	10460
褬泻	10350
褔泻	10324
泻胁	10103
褉褋	10089
泻褋	9959
邪褣	9850
褕谢	9767
褉泻	9716
褣邪	9653
薪谐	9578
卸写	9330
褬薪	9326
泻褌	9272
胁褭	9253
懈锌	9194
褬褌	9029
蟹屑	8915
褮褍	8888
薪褑	8791
褔芯	8630
褉卸	8606
蟹谢	8368
褉写	8106
褎芯	7719
写谢	7647
褣懈	7644
褉褕	7545
芯褏	7493
褉谢	7159
薪泻	7157
械卸	7128
褍褏	7097
写褋	6747
械褣	6654
褉屑	6540
褏懈	6520
褵械	6301
懈褮	6259
褎械	6151
谐薪	6143
褍芯	6035
写屑	5840
褉蟹	5832
褍褑	5813
屑锌	5725
械褎	5635
褌锌	5621
褣褍	5616
懈褭	5613
芯褑	5514
屑褭	5430
褏褌	5418
褎邪	5415
卸薪	5363
褎褉	5263
卸褍	5199
褬褋	5169
锌褋	5058
邪懈	4957
褉褑	4914
芯褎	4817
写褮	4761
褭薪	4727
褕褍	4726
褕薪	4495
褋褏	4472
褏褉	4441
褬屑	4435
褕芯	4429
褯薪	4350
褑褉	4279
斜薪	4166
芯褍	4099
褉谐	4058
褵芯	3996
懈褣	3986
胁谢	3848
写谐	3728
懈斜	3712
褑芯	3697
褌谢	3604
褌褋	3573
邪褎	3570
褍褣	3514
泻褭	3456
写斜	3453
褉斜	3424
械邪	3391
褬斜	3296
屑褑	3221
褏褍	3216
泻薪	3215
屑斜	3199
屑谢	3196
锌褌	3160
谢褋	3104
懈邪	3050
械褏	3024
褮芯	3016
褋褬	3005
褍邪	2894
懈褎	2889
谢褌	2818
褕褭	2811
懈卸	2793
褬胁	2677
谢写	2673
斜褭	2626
芯邪	2572
褑泻	2568
懈械	2530
谢屑	2504
写褬	2486
谢谢	2446
褬谢	2443
械褍	2441
褉锌	2399
芯懈	2398
褑褏	2393
锌褕	2372
锌褭	2358
褋褑	2273
泻褑	2267
斜褬	2222
褕褯	2212
胁褑	2137
薪褔	2133
褎褍	2097
蟹褉	2059
褵懈	2040
械懈	2035
薪蟹	2026
芯褮	2023
屑褋	1992
褌褏	1988
芯芯	1981
谐褣	1980
褕褮	1971
褎谢	1954
褉褔	1897
胁褬	1881
褣芯	1824
褉褏	1789
卸褮	1700
屑褮	1620
卸斜	1619
褏谢	1579
泻褮	1565
薪褎	1548
胁褋	1542
褍懈	1498
褏屑	1482
屑泻	1476
褉褭	1470
屑屑	1411
卸褬	1394
褍褭	1391
械械	1382
褬褔	1381
褭褋	1352
薪薪	1322
褋褋	1319
芯械	1291
邪械	1246
褍褮	1214
卸褉	1213
谢泻	1156
褌屑	1137
锌薪	1126
谢褎	1113
褌褮	1108
谐褏	1106
褭写	1025
谢斜	1011
褏薪	1008
褍械	1007
褭芯	994
谢胁	978
胁褕	974
褵邪	957
谐褋	945
胁泻	940
褬褑	936
褌褭	935
写褭	934
褎褌	933
褯芯	923
屑褌	921
泻屑	909
薪褉	878
褕锌	878
褌褌	858
斜蟹	844
褉褵	836
卸褭	831
褵褍	809
薪褣	794
屑褬	789
褑胁	775
邪褵	765
褌褬	763
褉褬	758
泻褕	747
褔谢	737
锌褑	730
褔胁	724
邪邪	723
谢褑	716
薪胁	715
褉褉	711
胁褔	702
褉褮	698
蟹褬	667
褭泻	658
锌泻	653
薪褵	633
褬蟹	618
褉褎	614
写蟹	613
褏褋	604
懈懈	599
卸芯	594
锌褏	587
褕胁	579
薪褏	577
褬谐	547
锌褬	546
褋褎	538
懈褍	518
褕褔	496
褎褎	494
褔褬	490
泻褯	486
谐胁	484
褉褣	484
谐褌	474
褬锌	458
屑褔	436
薪谢	431
械褵	429
褍褎	428
谐屑	419
褑谢	402
谢谐	398
褕屑	398
褌褑	386
斜褋	376
薪斜	375
谐褮	366
褋斜	358
懈褵	351
褎斜	345
褮褋	342
斜写	333
谢锌	329
褬褉	328
斜斜	328
屑褕	316
褔褮	303
卸胁	301
写褎	301
褍褵	297
薪卸	293
褉褯	287
褔屑	284
斜褮	281
褬褵	271
屑褎	270
褭褑	269
谢褏	260
褵斜	259
褍褍	257
锌褔	243
褎薪	241
芯褵	234
褕褕	232
泻褏	231
锌锌	231
胁谐	230
薪褕	229
褌蟹	221
褑褌	220
褏褏	216
薪褬	213
泻写	208
写写	205
胁褏	205
褎褋	202
谢褔	201
谐谐	199
褑褑	195
泻谐	194
褑褮	189
褌褎	187
褎褬	183
褭褕	183
斜胁	179
泻泻	179
褭卸	177
褏褬	171
褑薪	163
褑屑	152
褬褏	151
褬褎	147
写褑	145
胁褮	144
谐斜	142
褋褭	141
谢褬	140
写褕	139
谐蟹	139
褕褑	137
薪锌	133
写泻	131
褯泻	129
屑写	128
谢蟹	125
写锌	124
褬褮	123
屑褯	122
斜褌	122
卸屑	122
谐褭	122
屑胁	121
卸褣	120
谐褎	120
褋写	119
褭斜	118
褌斜	115
蟹蟹	105
褕褉	103
屑蟹	101
泻褬	99
褮泻	99
锌褯	97
写褏	97
褬褬	95
泻斜	93
褮褑	88
斜屑	87
褌褔	87
泻褎	85
薪屑	84
锌屑	83
谢褕	82
泻褔	79
蟹褮	77
褑写	76
屑褏	76
泻锌	76
锌褮	71
褬褕	71
褯褮	65
谢褉	65
斜褑	65
褵薪	64
薪褭	64
褣褋	61
褌谐	61
蟹褏	59
锌写	59
褌写	57
胁褌	57
谢褵	56
褏泻	54
锌褎	53
写褌	52
褑褬	52
胁斜	47
褑褋	47
褔褭	46
屑谐	42
褔褌	42
谐锌	41
褑锌	41
褏写	41
胁胁	38
褋褔	38
褑蟹	37
谢卸	37
卸谢	37
胁蟹	36
褭褮	34
褎褑	34
胁锌	34
褔褉	33
褎屑	33
蟹泻	33
褋谐	33
斜泻	32
褏斜	32
褕斜	31
斜褏	30
褵谐	29
胁褵	29
蟹褭	29
褎泻	27
褑斜	26
褵屑	24
褑谐	24
褏锌	23
斜褎	23
褕褎	23
褔斜	22
斜褕	22
褔褑	22
褔写	21
褎谐	21
谐褬	20
锌胁	20
褕褬	19
写褔	19
褭褭	18
褬卸	18
谐泻	18
褑褎	17
褭褔	17
褵写	17
蟹锌	17
屑褵	17
褣褉	17
褑褭	16
锌斜	16
褬褭	16
胁屑	16
薪褯	15
褌褕	15
褋蟹	14
褭褌	14
褔褎	13
褋褕	13
写卸	13
褣褣	13
褵锌	12
泻蟹	12
谐褑	12
褯褋	12
胁卸	11
褏褎	11
褔谐	11
锌蟹	11
褮褔	11
褋褮	11
谐褔	11
写褣	10
锌谐	10
蟹褋	10
褑褵	9
斜褵	9
褵谢	9
褎锌	8
褯褬	8
胁褣	8
褵褉	8
褎写	8
褣薪	8
蟹褌	8
褕写	8
斜谐	8
蟹褑	8
褌褯	8
褯屑	8
褯褉	7
卸泻	7
褭胁	7
褋褯	7
卸褌	7
卸谐	7
褬褯	6
谐褕	6
褏褑	6
褏褯	6
胁褎	6
褔锌	5
谢褣	5
褮褕	5
斜锌	5
褕褏	5
写褵	5
褎褭	5
褵褌	4
褯写	4
斜褔	4
谢褮	4
褮褏	4
谢褭	4
褎蟹	3
谐卸	3
褎褕	3
褣泻	3
褏褮	3
褯锌	3
褏褭	3
蟹褕	3
褔褯	3
褏谐	3
褵褏	2
褯谐	2
谢褯	2
褵褋	2
褵胁	2
褎胁	2
褣卸	2
褔褋	2
褮薪	2
褣褯	2
褎褔	2
蟹褎	2
锌褵	2
褔褕	2
泻卸	2
褔褏	2
褯褌	2
褮褣	2
褣褌	2
褯谢	2
褑褯	2
褬褣	2
褣褭	2
锌褣	2
褏褔	1
卸褔	1
褮褭	1
褣蟹	1
卸褯	1
褑褕	1
褭屑	1
褭锌	1
褮蟹	1
褯褯	1
褮胁	1
褋褣	1
蟹褣	1
蟹褔	1
褔卸	1
薪褮	1
褎褏	1
屑卸	1
褕褋	1
褵褎	1
褵褬	1
褭褎	1
褭褵	1
褭蟹	1
褮褬	1
泻褵	1
胁褯	1
锌卸	1
斜卸	1
褯褭	1
褌卸	1
卸褕	1
褣褮	1
褔褔	1
褏褕	1
褣屑	1
写褯	1
