che	6036752
non	4894868
per	4299676
ent	3831090
are	3514692
sta	3267211
ato	2995484
con	2727186
que	2656414
ell	2628112
tto	2627306
est	2613150
ere	2455801
and	2454525
nte	2446240
gli	2400412
cos	2336572
ono	2323565
iam	2288298
ett	2212870
amo	2168282
ess	2162108
lla	2146976
sto	2054423
chi	1983065
son	1951493
ndo	1895589
qua	1841988
una	1833611
ver	1753975
com	1734737
ion	1706115
era	1703081
men	1664493
att	1641049
tro	1620637
osa	1603445
pre	1590755
tra	1576444
del	1540870
one	1517157
ora	1470868
par	1431499
ues	1424897
all	1392316
nti	1386964
ant	1339768
pro	1339500
ome	1335191
tat	1325198
utt	1315239
llo	1289145
ene	1278645
ero	1276468
nto	1270273
erc	1236533
zio	1230460
acc	1223565
end	1219687
tut	1215499
tti	1202622
str	1193706
cia	1193152
sso	1185471
ter	1180555
olo	1178109
ser	1164396
res	1151686
ore	1150442
tta	1144098
far	1130497
ann	1129124
pos	1109403
oss	1107590
ssi	1104388
der	1104035
ort	1094472
ata	1093594
qui	1084099
ost	1072065
sse	1063301
anc	1055788
sti	1052275
sol	1039063
tor	1010787
gio	989770
olt	989155
ano	987007
man	986505
ate	978054
ave	972068
ran	971131
ire	970584
ito	970132
ico	967453
arl	964946
ist	960533
cor	953890
azi	953365
ont	950234
tan	947283
ale	940588
uel	940526
tar	939696
ita	936921
col	931360
lio	929816
lle	925848
ben	917617
ndi	911813
nda	906355
eri	905098
tte	904682
ual	899338
ina	890859
nta	888229
sci	888067
vol	886203
sia	880643
pri	871218
avo	867163
pen	865076
art	858521
ori	857676
cer	856821
rat	853718
rch	849669
ass	825565
ica	824908
ede	819532
sco	818293
ame	806853
hai	804720
sen	804115
gra	803893
cci	801462
gno	799958
bia	799111
dov	792810
rti	787421
ati	786771
ien	786554
pia	786318
sar	779724
nno	771011
ntr	760972
alc	758442
spe	754876
uto	754446
ens	753379
ste	750726
ima	738533
ott	738051
azz	733865
por	726791
tre	726010
ari	718650
ert	717990
sei	716892
uan	714671
ssa	711369
ten	707352
ici	705346
nde	705334
bbi	702296
ven	701496
alt	698321
abb	696844
ini	694567
cco	694367
ete	692972
ric	691156
fat	677332
ace	676982
rim	676094
evo	669975
ggi	664993
ami	663801
for	662262
rta	660260
orn	657599
ove	655894
rov	652353
lor	649441
ole	647119
nel	645918
ren	642190
asc	639226
iat	638738
ogl	633908
ino	632130
hia	630884
dic	625983
nor	624406
uno	622526
uoi	619001
ara	618023
ers	610350
mio	604006
sig	603516
dev	602573
ava	602105
dia	601936
nza	598993
dir	596242
vor	595649
rag	593851
ebb	593036
lia	589831
car	589369
rla	586953
dar	585880
pot	582100
igl	579967
ard	578857
nat	578801
bbe	578588
ign	574543
det	572178
rmi	571748
ona	569172
reb	568481
rte	567014
cre	564487
edi	564081
emp	563693
int	562474
ltr	562207
cen	558610
inc	558564
ucc	558265
nch	557810
oro	557731
cap	557461
iac	551841
ice	548142
ive	546728
nos	546541
tes	546033
ved	545895
ola	543834
sem	541329
rit	538630
oni	537459
app	537195
cas	535714
aga	535069
fin	534675
red	534545
ide	532561
ova	531778
ris	527650
raz	525587
mia	523234
enz	522447
dis	520351
fac	520057
ior	518759
ile	518298
pet	516306
eva	513684
ond	513602
dat	512446
tri	510822
cio	509959
min	508253
izi	507341
mor	506902
iar	505567
rto	502575
lta	501895
ian	500509
ura	499949
cch	499484
gia	498711
met	498248
rio	497265
occ	497216
ind	496073
vre	484932
den	481569
imo	480476
cat	480321
mol	478055
ali	477923
rlo	475997
osi	475766
lar	473219
gen	470671
ast	467816
nco	466798
ria	463428
tim	463315
rop	461354
zza	460790
evi	458046
lto	456625
mpo	454341
mar	453189
gua	452866
rso	451423
vuo	450720
ani	450242
rem	448361
mic	448274
cce	448052
iso	446786
ord	446603
arr	445718
vis	445154
ecc	444074
lei	443124
mat	439217
bil	439209
mer	438573
las	433310
van	433304
eni	432852
rar	432225
sce	432222
vog	430362
ine	430345
dio	430249
tem	429353
suo	426337
sat	425706
avv	423872
zie	423304
isc	423230
can	422198
tic	421975
fer	420933
rei	420808
sap	420182
uar	419705
mai	417452
rda	415685
ogn	415220
tel	414948
erm	414849
omp	414548
tuo	410636
zzo	405852
ner	405148
spi	403150
nie	401446
nsa	400356
api	399124
amm	398759
amb	398019
imp	397446
ron	397199
dav	397048
arm	396657
agg	396222
oll	394398
opr	393983
lie	393683
sul	393072
bra	390890
riv	390610
adr	389751
ama	388266
lli	387925
egl	387346
gaz	383608
rri	382324
dal	381271
vat	380567
oli	377933
fic	377376
tua	375342
nes	374004
iet	370486
ape	369707
mpr	367668
err	365785
tit	365683
ors	364895
vev	364890
uta	361215
lav	360835
piu	360195
han	359713
iva	358982
iut	358542
rma	358527
tin	358249
cam	358185
ier	357611
vit	356925
isp	356773
dre	356059
nsi	354468
giu	353455
rin	353156
anz	351931
ret	351319
emo	350564
usa	350293
zia	349947
sic	343622
cur	343485
tam	342106
ote	340122
des	339132
hie	337913
dei	337697
mbi	337266
ssu	336375
nar	331825
reg	331498
rno	329040
ena	328845
rci	328184
rre	327746
cca	327014
scu	326888
itt	326876
ime	326388
iss	326334
lco	325126
sim	324866
mma	324302
sal	324150
vve	324005
lui	321794
mon	320342
cin	320136
beh	319566
erv	319311
mal	318826
edo	318246
ing	318231
div	314485
ché	314429
asp	313380
mes	313070
bel	312881
spo	312523
ang	312479
rdo	312175
orr	311498
rdi	310627
gni	309275
ius	308902
iti	308328
don	307765
rai	307680
seg	306054
via	305906
sio	304466
avr	304247
lat	303655
rav	303338
ili	303297
ehi	303083
agi	303000
sai	302246
ppo	301924
più	301509
ber	300414
sua	300099
rca	299603
ovr	299311
asa	299045
sca	298320
eno	297773
uon	297657
osc	297235
pas	296933
lic	296274
san	296243
let	296095
otr	294145
tai	292656
tiv	291945
rna	291473
aro	290823
omi	289847
nci	289136
ese	288537
sor	287531
suc	287063
erl	286292
puo	284867
ill	283632
ull	282248
bas	282045
arc	281962
dan	281940
esi	281821
nit	281526
orm	280611
ces	279087
esc	278840
rob	278152
sun	277691
ana	277651
rse	277576
noi	276306
cun	275625
nni	275072
rie	274536
tur	274017
uin	273893
oma	273851
nzi	273722
ane	273375
mbr	272229
cus	272134
uni	271936
spa	271610
lcu	271094
sie	270204
ade	269653
ivo	269611
rad	267590
nut	267542
uor	267078
tav	266388
opo	266024
lit	265087
cit	265031
opp	263908
rra	263633
nna	262944
due	262813
ezz	262077
rsi	262070
ira	261976
ust	261562
ins	260634
ose	260349
ele	259748
uov	259677
nal	258338
egg	258171
eci	257622
fig	257611
agl	257339
nqu	257074
emb	257014
elo	254951
lan	254777
cid	252478
ich	252478
ram	252386
buo	252256
ied	251799
var	251738
nso	250419
mag	250036
tir	248472
ega	248285
aff	247868
ger	247677
eso	247641
esa	247567
uol	246792
osì	246460
pit	245109
fra	243342
sch	242678
uom	242192
ibi	241682
onn	241529
sog	241456
gna	241141
lin	239959
icu	238910
zzi	238862
tia	236711
pol	235570
erd	234095
ite	234091
usc	233218
icc	232602
mig	232083
cri	231923
ros	231714
mpa	231537
not	231520
fuo	231076
aiu	229135
uro	227392
cal	227339
eve	226923
nic	226727
pis	226718
eme	226227
lev	225990
abi	225230
tal	223957
lme	223605
omo	222740
rol	222535
vut	221399
gar	220578
alm	218357
eli	216148
ial	215987
mmi	215681
emm	215597
ida	215396
inu	214797
ffi	212266
imi	212162
leg	212004
nce	210204
ifi	209739
mie	209328
fos	208975
bis	208963
mme	208489
mod	207512
lti	207255
pie	207025
len	206753
nuo	205996
rac	204781
poi	204303
pra	204241
odo	204208
rig	203789
uti	201884
her	201275
egn	200332
ves	200235
vin	199960
agn	199385
emi	199281
ada	199151
pad	199104
cop	198862
pag	198655
asi	197810
ema	197681
ced	197479
gin	197343
fan	196797
ies	196610
cis	196531
avi	196015
rme	195774
ego	195041
imm	194679
ipo	194507
etr	192786
dop	192683
rir	192391
caz	191629
tas	190470
rea	190188
stu	190079
bin	189746
sin	189377
idi	189010
cui	188865
cel	188748
dom	188381
inv	187859
die	187856
vie	187439
ccu	187325
isi	185116
inf	184586
ult	184305
enu	184112
ppe	182380
ons	182159
lte	181899
ivi	181841
ars	181024
liz	180836
vet	180828
viv	180753
voi	180678
fam	180665
unt	180389
ton	179953
ado	179913
ure	177826
ala	176842
iao	176831
pat	176510
obb	176288
rvi	176007
mil	175956
fon	175836
bat	175682
pic	175535
gat	174748
dim	173154
gge	172365
ovo	172364
dit	171797
cev	170870
aci	170791
eta	170181
oso	170148
bit	170112
oca	169784
bar	169504
cup	169424
ern	169195
vos	166730
ela	166634
mam	166216
din	165730
til	165310
lem	165216
ngo	164824
nne	164342
sis	163976
ral	163354
ovi	163079
bri	163051
zat	162822
fre	162060
nis	161289
eco	161148
nge	160546
ila	160277
izz	159919
dor	159847
set	159473
pir	159140
tev	158948
meg	158664
ngi	158162
mmo	157843
fai	157414
lis	157036
dai	156719
mad	156666
niz	156503
mpi	156419
bam	155474
nca	155265
pon	154852
rec	154814
lon	154540
hio	154350
rip	154270
rli	153883
nve	153882
usi	153810
mpl	153238
sit	153117
olp	152952
pun	152235
dol	151959
oti	151500
rve	150854
ble	150708
ppa	150509
val	150019
unq	149184
old	148231
ras	148077
cir	147995
vam	147717
cav	147678
esp	147622
rom	147404
ioc	147025
tol	146653
paz	146055
lib	145487
nir	145159
ogg	144885
rne	144663
odi	143816
alv	143809
dot	143758
fes	143612
nan	143566
pes	143475
ler	143452
vec	143158
nom	142627
amp	142484
mos	142427
obl	142042
rni	141894
ffe	141595
lch	141371
vel	141127
ece	140809
dra	140771
iav	140731
sec	139544
orz	139336
tag	138971
rza	138718
iro	138594
nse	138131
rro	137981
dob	137960
dif	137718
fav	137332
hin	136705
tip	136568
gan	136425
oce	136300
ios	135830
vic	135721
scr	135641
udi	135312
erò	135119
aso	134967
nia	134859
ppi	134771
ume	134526
oco	133960
gir	133608
oto	133292
oci	133256
gue	133118
omm	132441
les	132148
rap	132132
rle	131965
cie	131077
rot	130831
sot	130687
adi	130500
tru	130455
cil	130441
mas	130372
ase	130343
lut	130072
ttu	129642
vai	129615
mac	129567
iel	129297
sib	128604
tie	128234
ope	128086
gui	127866
pal	127740
ndr	127692
upa	127463
rid	127035
vvi	126415
ean	125097
cha	124748
gre	124424
mom	124174
bba	123999
atu	123835
rsa	123738
ota	123302
reo	123074
sid	122952
aut	122680
dea	122480
igi	122431
rog	122279
pap	121983
vad	121187
sam	121049
sav	120977
nas	120309
cuo	120214
iei	119260
dec	119200
rtu	118994
alo	118931
bag	118591
har	118111
rel	118019
ttr	117881
ilm	116739
roc	116716
hiu	116565
fet	116233
mun	115988
tac	115619
fil	115450
mis	115291
rde	114731
ido	114151
ubi	113935
ffa	113826
omb	113616
ung	113579
ldi	113506
pev	113105
iri	113021
mpe	112772
rif	112700
erg	112399
off	112233
fid	112163
mba	111977
pec	111324
dam	111067
deg	110612
ong	110585
oba	110484
aur	110399
dur	110217
sub	109939
iff	109836
uff	109414
onf	109411
age	109175
atr	109125
egu	109019
pur	108856
riu	108691
iem	107938
loc	107274
org	107241
sop	107203
uzi	107146
lun	106777
cad	106236
adu	106101
eng	105635
omu	105494
ban	105482
pau	104449
itu	104381
enn	104088
rez	104004
apr	103941
apo	103738
nif	103262
tiz	103260
ezi	102265
put	102028
osp	101586
orp	101303
sba	100808
med	100793
vid	100684
uri	100061
eal	99939
eoc	99853
mel	99653
rut	99463
uci	99004
isa	98766
apa	98459
pli	98403
arg	98348
ute	98306
può	98303
nul	98175
tun	98154
iga	98117
tet	98002
iun	97946
pan	97858
irl	97816
avu	97551
bal	97259
sag	97172
ovu	96884
upe	96864
nio	96816
nea	96493
neg	96342
dut	96338
olu	95900
net	95848
rof	95503
nem	95397
rer	95135
sup	94794
ibe	94689
sme	93974
onc	93926
pin	93799
fot	93719
ciu	93371
lve	93078
ngu	93056
rge	92925
fel	92853
zze	92476
voc	92072
nvi	92027
mit	91502
tos	91255
bro	90852
aco	90634
nfe	90434
add	90410
ple	90208
irm	89723
gal	89567
pac	89529
iol	89341
gol	89307
ddi	89043
nga	88781
bru	88677
eti	88361
pel	88324
ril	88211
mog	87377
fun	86828
gon	86633
erf	86581
mot	86344
peg	86129
sac	85898
eda	85830
ipe	85169
iot	85061
aus	84900
tis	84834
rev	84399
poc	84223
upi	84215
ias	84126
rep	83985
ghi	83977
muo	83958
cet	83859
rco	83587
los	82870
zar	82691
dro	82208
iud	81972
tec	81786
alu	81431
cul	81418
teg	81372
tup	81334
laz	81256
sed	81056
bor	80912
rib	80767
tom	80046
uad	79788
ude	79110
epa	79027
cla	79022
uli	78592
upp	78498
inn	78038
pio	78035
bre	77985
lef	77907
rab	77701
lva	77611
nzo	77386
uma	76898
nim	76821
ilo	76814
rce	76802
get	76679
veg	76647
egi	76232
fal	76146
rgo	76074
als	76072
nua	75733
log	75471
ula	75101
egr	74701
bab	74552
irc	74320
aio	74271
uat	73850
sve	73805
nei	73768
ise	73560
cip	73445
vra	73411
ffr	73357
sos	73274
pid	72911
onv	72882
rgl	72864
luc	72781
efo	72541
ppu	72419
ipa	72403
eto	72040
cro	71860
ped	71557
the	71431
ses	71428
raf	71311
ngr	70912
mir	70815
fro	70714
unz	70270
toc	70200
dag	70180
dos	69850
ieg	69742
arn	69605
gel	68427
nam	68120
tud	68003
maz	68000
lim	67926
igu	67811
uas	67809
erz	67792
cqu	67618
nfo	67464
lpa	67315
irt	67221
taz	67133
ife	66998
bli	66896
acq	66876
elt	66809
diz	66621
inq	66449
ogr	66380
rfe	66180
rga	65725
onz	65676
squ	65656
uer	65512
ubb	65464
lig	65124
eat	64964
lam	64635
chè	64407
arv	63902
ulo	63893
och	63880
nze	63820
imb	63730
naz	63436
num	63368
ald	62935
ugg	62735
uso	62380
iov	62364
sas	62032
mez	62019
edu	61176
iag	60954
une	60918
ovv	60830
nav	60665
von	60659
lma	60485
lsi	60355
ppr	60354
tog	59994
aes	59799
ibr	59786
ghe	59501
hil	59417
fia	59379
oga	59347
dri	59314
mus	59227
orc	58947
lot	58918
pez	58866
gam	58573
uit	58380
ode	57719
riz	57423
pul	57390
arò	57242
uss	57215
ige	56920
rub	56738
ddo	56647
soc	56278
zan	56150
nfi	56001
zon	55926
cli	55890
lea	55833
cau	55814
tig	55624
bac	55549
obi	55380
ogi	55332
ges	55259
uil	55128
uen	55102
cac	54998
sab	54839
uir	54838
bbl	54627
uei	54607
ciò	54540
sue	54303
cot	54036
zin	53888
bie	53802
use	53777
rus	53697
ago	53572
mbe	53523
uba	53291
dip	53260
fri	53063
ref	52923
gro	52718
alz	52582
efe	52265
duz	52213
bol	52166
nen	51758
ozi	51749
sha	51746
bio	51575
vil	51529
eff	51515
ror	51398
rpo	51376
edd	51208
som	51067
ach	51000
vio	50773
gne	50730
rba	50690
rgi	50689
otu	50604
lez	50500
clu	50495
sil	50035
ncr	49795
ruc	49695
uis	49662
ohn	49649
lpi	49177
pav	49154
lus	48926
hel	48803
uid	48740
gri	48112
rva	48013
rpr	47878
ifo	47706
lag	47701
deb	47580
rod	47561
fis	47556
pai	47496
nun	47407
coi	47360
nol	47252
rmo	47114
sof	47071
but	47055
llu	46971
dil	46825
vig	46823
irr	46750
ugi	46738
sfo	46689
cem	46382
roi	46379
ipi	46376
pub	46249
ocu	46215
evu	46179
uce	46043
shi	45924
umo	45777
tab	45373
lac	45357
eca	45273
doc	45240
cog	45208
zit	45128
liv	45039
iur	44945
alb	44933
tue	44888
duc	44631
aca	44458
odd	44347
abo	44282
tio	44184
sui	44049
fur	44047
bev	43963
unc	43929
uoc	43842
fas	43791
edr	43539
moc	43515
lda	43238
rvo	43191
spl	43182
asf	43095
led	42842
het	42726
plo	42501
tif	42482
urr	42275
bec	42188
uot	42064
lir	41939
lau	41869
ffo	41843
siv	41812
git	41799
gis	41757
bot	41755
ipr	41361
vir	41202
bur	41041
ect	41023
urg	40981
ntu	40979
niv	40912
noc	40793
bus	40738
fug	40575
ash	40463
nov	40435
ree	40305
epi	40296
ofe	40278
urb	40225
sod	40189
oin	40030
equ	40008
eor	39871
spr	39751
smo	39443
opi	39403
ans	39369
cra	39210
nac	38930
hen	38914
cuc	38710
bir	38639
iec	38559
aer	38483
sel	38194
lza	38095
sur	37964
aia	37892
boc	37766
rup	37749
uaz	37717
ain	37659
gle	37609
lab	37554
giù	37441
dig	37146
nin	37078
arb	37063
ham	36966
siz	36940
igh	36937
vvo	36925
ear	36918
ath	36873
isu	36760
itr	36734
dib	36392
opa	36343
umi	36297
mbo	36262
rzi	36239
big	36067
oge	35983
top	35939
nev	35837
gic	35809
olc	35684
oia	35643
bon	35536
blo	35334
tha	35037
bbr	34895
nvo	34886
gur	34828
ofo	34807
viz	34753
caf	34725
utu	34642
ndu	34577
oda	34550
fit	34530
ioe	34524
vas	34424
nfa	34303
civ	34260
asm	34172
pla	34108
gru	34077
ngh	34062
pae	34046
aul	34025
pil	33921
anq	33887
sep	33859
cod	33787
vag	33620
urt	33525
fum	33498
lbe	33151
epp	33140
egh	33099
ted	32966
cic	32937
dem	32895
vac	32828
sfe	32795
uca	32706
coc	32612
ncu	32573
mem	32424
olv	32396
rug	32386
fed	32380
bet	32298
ism	32255
fie	32207
acr	31916
lad	31882
mpu	31670
cim	31669
gie	31567
fiu	31559
afi	31453
gus	31404
efi	31381
fio	31293
ozz	31187
she	30950
ael	30883
mur	30797
rzo	30771
ngl	30736
geo	30729
pov	30703
rpe	30644
tez	30625
ebr	30399
erb	30322
igo	30243
ogo	30147
fir	30119
mav	30003
rui	30001
olg	29939
his	29800
bic	29751
gil	29701
tot	29585
lce	29581
hal	29569
gog	29451
ofi	29448
igg	29402
arp	29400
abe	29281
zer	29273
ugu	29258
fut	29158
pom	29151
eth	29000
tle	28991
bla	28916
rum	28641
deo	28619
idu	28431
cib	28391
agh	28385
rbo	28347
urn	28326
fol	28128
nec	27999
oio	27997
esu	27947
sho	27860
ibo	27849
hif	27739
pop	27732
ibu	27607
leo	27462
dub	27435
tch	27397
tui	27389
een	27322
mae	27268
epo	27211
cti	27201
lec	27163
ldo	27054
env	27053
url	27049
buc	26915
fen	26857
sma	26855
dun	26805
gov	26770
lai	26545
sum	26485
lom	26290
ood	26262
lso	26076
nsu	26023
apu	25981
hae	25841
hit	25787
sea	25718
goz	25690
psi	25635
eon	25581
cum	25530
saz	25528
smi	25302
odu	25263
phi	25219
chr	25182
lci	25111
luo	25010
nag	24965
fus	24961
dac	24950
mul	24921
lul	24831
iaz	24741
dep	24727
ruz	24701
gor	24569
sfi	24567
cle	24542
oie	24486
lpo	24451
ugn	24341
rbi	24292
irg	24226
hol	24209
ebo	24195
sut	24174
sug	24089
rah	24011
ubr	24001
sbr	23961
enc	23945
nnu	23898
fru	23824
lpe	23801
nfr	23800
afo	23775
uga	23771
uzz	23770
bug	23759
ule	23742
air	23738
gas	23706
aba	23637
bom	23580
tho	23525
sud	23475
hri	23469
tod	23463
pug	23370
irò	23293
uai	23231
lup	23169
ned	23168
tid	23049
ecu	22989
def	22917
bob	22870
tea	22828
ith	22701
enr	22631
moz	22595
cut	22594
iai	22446
ceg	22407
cag	22406
bos	22388
eur	22338
our	22337
gom	22301
fog	22157
aud	22085
ege	22057
gab	22030
hir	21983
erp	21895
ncl	21768
sgu	21715
did	21616
ail	21578
iap	21488
mut	21367
coo	21357
bul	21254
ein	21155
blu	21066
rth	20997
lud	20968
ish	20945
aug	20901
ggr	20803
tad	20726
lum	20702
nai	20700
sfa	20698
fle	20697
spu	20587
hot	20565
lee	20445
dul	20408
mbu	20369
ecn	20347
irs	20185
lmo	20174
obe	20167
upo	20097
vot	19937
ght	19848
dde	19845
ugl	19807
chu	19776
teo	19671
cto	19636
sus	19623
ruo	19546
uog	19538
nil	19396
lid	19243
nig	19220
sir	19201
aum	19200
ilt	19155
vim	19153
lou	19095
rud	19045
und	19045
nip	19028
tob	19006
vro	18970
out	18824
ous	18736
mid	18728
cif	18714
udo	18683
uda	18473
taf	18405
lif	18398
lub	18389
ium	18321
luz	18234
bui	18219
nui	18169
cho	18159
iod	18120
tul	18020
cru	17954
lvi	17828
flu	17581
nst	17577
dge	17539
orv	17512
rfi	17365
vun	17307
lge	17284
ilu	17240
rou	17195
pog	17097
dee	17051
elu	16991
hes	16968
orb	16957
nfu	16910
tum	16835
lil	16768
oun	16758
iru	16729
rru	16678
osh	16677
glo	16475
bun	16467
req	16422
lsa	16392
epr	16319
mov	16268
ehm	16265
hor	16263
ppl	16147
svi	16022
hom	16021
roe	15981
das	15981
ead	15846
eld	15777
god	15763
unn	15758
uco	15757
bbo	15737
ioè	15727
fem	15711
alp	15681
bea	15641
leb	15479
lue	15477
fec	15392
olm	15356
bes	15297
heg	15208
ipl	15172
cni	15140
mob	15118
alg	15066
hic	15040
lde	15037
hea	15026
uag	15015
fbi	14991
boo	14939
lga	14922
urd	14910
lod	14895
els	14777
ois	14771
uls	14766
ioi	14736
vrò	14693
nfl	14691
ebe	14682
flo	14681
uic	14640
him	14608
roo	14592
cez	14532
sbi	14508
zaz	14500
clo	14487
sau	14461
ngt	14458
ebi	14455
abr	14452
gem	14450
uio	14384
ipp	14345
eam	14332
eet	14279
tus	14279
puz	14275
eas	14267
gto	14244
cab	14241
uch	14227
hou	14124
zol	14111
gnu	14103
fez	14078
iqu	14056
oot	13993
iog	13946
tap	13914
olf	13853
hat	13847
ugh	13829
ciz	13744
cub	13692
hon	13686
vav	13634
anu	13619
isf	13600
rau	13534
lgo	13502
igr	13487
oon	13472
rze	13412
neo	13382
bad	13372
lip	13355
irv	13308
isg	13291
oth	13286
eph	13123
nuc	13103
ueg	13075
buf	13038
bib	13029
lmi	13018
cou	13009
iba	13006
nue	12966
gag	12891
icr	12884
icl	12861
ict	12764
cep	12752
hez	12701
rae	12686
efa	12666
epu	12558
iev	12545
afa	12538
rao	12523
agr	12469
oui	12464
ubo	12459
nob	12458
fab	12430
ffè	12409
obo	12405
iab	12350
ech	12346
tuf	12329
ibb	12274
pip	12241
gla	12201
arz	12158
muc	12148
toi	12145
piz	12132
sla	12093
nad	12089
cug	12064
eba	12015
rpi	12013
uth	11968
iug	11967
ogh	11966
abu	11949
oug	11943
gig	11923
nud	11915
pru	11867
hei	11845
cov	11803
upr	11763
pig	11753
acu	11751
elv	11745
hur	11731
obu	11727
seb	11673
tib	11657
lol	11625
rcu	11625
ifa	11586
tep	11576
tne	11567
tei	11393
ifl	11362
sfu	11362
suf	11348
utr	11347
rst	11291
itc	11273
eag	11241
alf	11186
scl	11183
nus	11182
bud	11148
nib	11134
phe	11131
hop	11129
dog	11109
drò	11107
rbe	11089
uia	11037
rur	10992
aor	10982
oop	10978
fli	10969
ube	10962
fuc	10947
ecl	10912
dle	10906
hnn	10827
rtr	10787
eru	10785
nau	10755
rfa	10711
ded	10708
run	10668
ngs	10615
zet	10587
has	10580
fla	10568
agu	10567
bai	10559
neu	10550
cai	10547
ocr	10512
gos	10485
dda	10471
nef	10449
lca	10365
eil	10364
orl	10363
quo	10360
tof	10359
hee	10355
lvo	10319
dus	10301
aru	10274
rsh	10258
idg	10209
tub	10169
nth	10142
idr	10107
gga	10093
ruf	10077
zam	10061
sle	10046
orf	10031
inz	10025
vaz	10023
dap	10021
oic	10015
lap	10012
sov	9981
oph	9896
huc	9887
ild	9887
tsu	9881
oul	9878
ait	9835
dna	9829
ols	9816
nee	9808
cob	9805
vaf	9762
nah	9748
oid	9729
sii	9709
thi	9708
lls	9697
ams	9682
slo	9679
fag	9637
aha	9613
coa	9611
imu	9579
dou	9578
ifu	9571
ais	9569
eau	9554
zuc	9512
rgh	9512
cea	9466
itz	9434
rdu	9418
sgr	9406
ool	9392
ggo	9380
tmo	9340
ush	9325
hun	9313
hem	9302
ttl	9286
lov	9275
thu	9232
atl	9192
poe	9183
biz	9172
gib	9148
gev	9135
mou	9131
ltu	9127
oor	9114
ofu	9087
aid	9048
cec	9039
tou	9008
vom	9004
bei	8972
rtn	8934
sfr	8903
nva	8833
onu	8828
ahi	8825
esù	8817
eaz	8809
srt	8799
tov	8739
nap	8727
pea	8726
hip	8707
ceo	8697
foc	8671
seo	8661
uie	8657
ats	8626
ipu	8599
zac	8595
oom	8577
ifr	8559
vul	8558
neb	8543
sou	8522
epe	8516
amu	8473
bou	8472
iza	8469
liq	8453
bim	8448
lph	8425
loo	8420
pam	8402
iez	8390
nep	8387
afr	8332
roz	8328
chl	8309
goi	8288
ubs	8281
eer	8274
rrò	8225
urc	8207
lba	8199
hec	8190
eic	8181
foo	8161
asu	8138
nds	8127
eel	8123
lse	8040
zel	8023
edì	8013
isl	8001
rpa	7955
bed	7950
eed	7946
sli	7938
oan	7909
nab	7888
gim	7885
geg	7882
gav	7855
zes	7846
dod	7800
bid	7795
gha	7792
roa	7769
ooo	7767
hiv	7743
got	7741
moo	7738
ged	7736
udd	7708
had	7698
pod	7696
ufo	7639
zis	7637
hoo	7626
hig	7606
map	7589
tma	7574
elm	7565
goo	7549
gai	7549
ful	7528
oqu	7525
svo	7510
lob	7507
pha	7440
onq	7436
tla	7389
abl	7366
rqu	7354
doz	7344
aig	7222
uos	7177
mau	7165
obr	7161
ibl	7157
doi	7136
tba	7131
urs	7088
noz	7085
ils	7078
ucl	7069
tuc	7064
cno	7031
zab	7022
lzi	7012
hlo	6994
hoc	6972
atm	6960
esl	6944
sif	6942
ops	6939
sbo	6929
lah	6905
zir	6880
dua	6863
act	6848
iul	6811
pep	6764
sez	6760
stl	6753
elf	6726
pho	6716
guo	6705
itm	6697
sva	6697
usu	6684
tuz	6667
oes	6666
lfi	6660
mmu	6652
ees	6642
sad	6588
ulm	6573
dne	6562
ufa	6555
emu	6532
oac	6521
itl	6520
mec	6516
umm	6500
mcc	6482
goc	6477
bbs	6441
zav	6420
feb	6411
ivr	6370
zen	6332
ulc	6325
hos	6299
nha	6285
zog	6282
dab	6206
lop	6193
eut	6186
uip	6160
sev	6141
loq	6132
aqu	6132
sga	6109
eac	6096
pus	6069
seq	6067
umb	6061
feg	6060
iop	6050
nez	6033
vei	6027
shu	5991
hiz	5991
sob	5982
oad	5973
anf	5964
evv	5963
hac	5956
ssù	5942
bee	5931
rue	5929
rbu	5928
oha	5920
ecr	5913
cud	5905
tef	5899
bum	5857
aen	5851
loe	5850
ilv	5849
hle	5838
elg	5826
uiv	5799
aaa	5786
ets	5782
zic	5767
onl	5766
hug	5746
zoe	5730
eav	5727
zom	5709
sgo	5707
eid	5705
lfa	5695
lgi	5689
hum	5672
eis	5669
sbu	5641
hev	5631
irn	5627
erq	5621
uet	5605
daz	5598
faz	5578
hed	5570
aar	5557
hap	5547
otb	5537
idd	5528
trò	5502
cig	5471
aze	5438
mps	5429
ofa	5427
mmm	5425
esb	5408
lbu	5390
pim	5378
maf	5358
etc	5355
hoe	5339
etu	5325
auz	5249
iad	5237
eit	5219
pto	5218
uav	5214
tug	5203
osf	5200
lzo	5199
urv	5198
iom	5196
nid	5190
aza	5189
lfr	5186
uge	5179
sno	5178
hav	5162
mcg	5154
eah	5114
ldr	5086
rul	5075
pzi	5056
lur	5043
loi	5042
vem	5042
thr	5040
opz	5029
cua	4996
saf	4989
pup	4989
iaf	4969
poz	4954
chm	4933
odr	4933
nsc	4924
atc	4897
hid	4894
oft	4892
heo	4883
cao	4878
tau	4861
hns	4860
ulu	4838
rds	4838
nle	4815
nri	4815
zup	4800
tee	4795
eun	4788
iii	4773
uam	4752
ffu	4738
bau	4716
onr	4710
nli	4704
eig	4699
rfo	4693
elp	4687
oib	4680
arf	4643
gun	4576
uns	4567
aun	4565
lel	4557
gid	4515
lal	4468
lfo	4466
sdr	4454
mea	4443
afe	4431
pso	4424
eep	4416
mbl	4412
piv	4405
doo	4403
hef	4401
baz	4370
zoo	4368
soi	4365
nod	4345
isb	4329
urp	4314
oel	4305
zai	4280
ump	4263
aos	4255
cuz	4252
eop	4243
tth	4242
mah	4239
esh	4239
eol	4238
hob	4228
isv	4219
uee	4200
sra	4198
ceb	4194
ugo	4185
dad	4165
udr	4152
fib	4142
ffl	4139
vva	4128
dez	4122
uvo	4119
zzu	4113
oet	4111
rmu	4110
uim	4108
hre	4100
cht	4098
poo	4097
nog	4097
oup	4092
ndl	4089
vez	4081
gee	4060
zal	4052
nop	4047
hoa	4040
rts	3996
hep	3977
ndt	3976
mev	3972
hul	3967
aie	3967
oru	3966
see	3963
lze	3962
bav	3961
opl	3952
puc	3951
aph	3928
its	3923
vib	3921
hau	3920
otc	3911
osm	3905
lne	3896
anl	3881
eog	3870
rtl	3852
sip	3848
lug	3840
huh	3839
uld	3829
gst	3814
shl	3812
buz	3804
hod	3804
urf	3797
zur	3784
noo	3772
enb	3769
odg	3763
dso	3752
ouc	3746
soo	3703
izo	3702
ieu	3700
dma	3693
nuv	3690
aic	3690
ird	3676
aho	3663
lds	3662
anh	3625
asq	3606
bod	3606
noa	3603
mue	3595
umu	3591
rph	3584
mim	3584
ggs	3577
vab	3572
uig	3569
oil	3568
nof	3563
oat	3548
pta	3541
etn	3526
uln	3526
elb	3524
cue	3514
coe	3507
hne	3504
oln	3495
ogu	3489
nro	3488
cof	3477
gma	3476
baf	3475
pti	3474
leu	3473
ebu	3471
gul	3470
coz	3469
shh	3465
boi	3464
lbo	3451
hma	3445
sne	3444
sms	3441
hab	3428
liu	3424
nzu	3423
bue	3420
vod	3419
aii	3393
tso	3392
hua	3367
adl	3363
rdì	3361
boa	3355
epl	3354
eim	3339
hro	3335
eum	3322
rld	3317
meo	3317
muf	3308
oos	3308
ohi	3303
oas	3292
plu	3285
duo	3281
ooh	3257
hut	3255
eus	3248
hus	3248
too	3233
ept	3222
tna	3221
aol	3219
uhm	3213
efu	3212
tae	3207
miv	3206
aft	3206
isr	3187
ipt	3185
rns	3167
edg	3164
raq	3148
teb	3144
llm	3137
mei	3132
lst	3128
suz	3127
aps	3120
efr	3111
hra	3107
reu	3088
nao	3077
eir	3076
asl	3074
ubl	3073
zec	3054
oog	3052
mee	3052
svu	3048
daf	3040
laf	3039
aom	3031
mif	3031
ilb	3029
gob	3029
ctu	3024
tts	3022
rsu	3003
oeb	2983
oit	2974
zuo	2958
ips	2952
aue	2951
uiz	2948
pao	2947
uve	2947
dru	2933
nts	2927
eee	2927
saa	2926
afg	2923
sbe	2921
seu	2919
nub	2898
oud	2896
lqu	2885
fae	2882
utc	2882
hto	2874
nsh	2861
nbe	2858
isd	2853
tli	2848
enh	2846
lep	2841
sna	2830
ulg	2819
obs	2803
moi	2793
azo	2792
uvi	2772
opu	2763
ndò	2762
oar	2759
oen	2756
suv	2750
vap	2745
oir	2742
fei	2736
pee	2735
uec	2729
rho	2726
iub	2721
aim	2719
mrs	2710
euc	2710
tiq	2686
oct	2670
dha	2665
ahm	2664
eod	2660
niu	2658
vea	2657
cge	2651
bsf	2637
hmm	2632
ahl	2632
rlu	2632
mab	2629
hub	2628
ads	2628
nba	2627
apt	2621
vip	2617
nra	2611
oah	2604
evr	2599
igm	2596
pab	2584
mst	2579
rgu	2575
iha	2569
hmi	2564
ccl	2563
edm	2562
bso	2560
mpt	2559
loa	2553
naf	2551
ods	2549
aah	2547
haz	2547
gei	2536
fgh	2527
pne	2523
hof	2518
lll	2517
ntl	2512
dui	2511
udg	2502
isn	2497
oza	2490
nsp	2486
gps	2485
hhh	2483
miz	2473
fee	2469
bsp	2460
tah	2453
rsc	2451
eem	2445
giv	2438
pud	2428
dsa	2427
toa	2424
sdi	2424
uru	2412
inh	2408
uza	2393
hag	2385
uva	2356
fau	2356
fob	2352
hib	2350
osb	2348
uac	2347
utl	2346
aan	2345
dvd	2342
nho	2341
boz	2334
uts	2333
inl	2331
hla	2320
sni	2311
nur	2297
gad	2293
ids	2292
iah	2287
gez	2279
ift	2279
uem	2267
orì	2263
apl	2248
luf	2245
zot	2245
osu	2236
rls	2233
dud	2230
idt	2212
ucr	2212
ivu	2203
zag	2200
ouv	2194
rnu	2183
anb	2173
tze	2173
aac	2172
ioz	2171
lnt	2146
hog	2143
erh	2139
sde	2137
oer	2130
nuz	2124
chn	2124
uds	2118
ocl	2115
acs	2110
zor	2106
gii	2106
mph	2102
mne	2102
rha	2099
iou	2097
ahh	2091
hme	2088
zoi	2086
alq	2085
auc	2078
hud	2072
shm	2065
amn	2063
pno	2059
eot	2056
ohe	2055
gut	2051
inò	2047
eze	2047
dum	2046
cte	2040
urm	2029
nma	2025
fou	2023
eud	2020
izu	2017
eug	2016
quì	2015
gho	2015
dse	2004
nsl	2004
pef	2001
cso	1979
oal	1979
peu	1970
fui	1969
gau	1969
glu	1956
ots	1953
bub	1952
etz	1943
tii	1942
osl	1930
boh	1929
ipn	1928
dga	1927
zoc	1921
enf	1919
mcn	1917
ilz	1912
phn	1910
sef	1902
rhe	1900
ntò	1897
zep	1895
lgr	1894
pii	1894
sda	1888
bip	1885
dah	1885
rua	1874
peo	1873
eia	1873
ehe	1869
zzl	1868
dup	1865
cef	1865
nbu	1861
gum	1860
rii	1857
eii	1849
uez	1847
hmo	1846
ilf	1841
zas	1836
nla	1831
nou	1830
eez	1820
esm	1819
ipì	1816
itn	1813
gae	1805
zle	1804
eof	1804
idn	1803
odn	1798
sth	1796
psu	1789
irb	1784
fod	1780
pbe	1779
zim	1770
eec	1766
mpb	1765
diu	1765
vla	1761
adg	1754
mum	1751
bog	1745
iia	1745
olb	1741
lof	1737
zha	1737
hoi	1733
feo	1732
ebl	1730
cei	1728
smu	1728
zop	1725
ddl	1725
eha	1724
iuc	1719
aub	1711
abd	1700
asg	1696
beo	1685
eie	1679
fto	1679
eab	1674
eps	1674
teq	1667
mle	1663
ssl	1660
pif	1658
hts	1656
gug	1656
auf	1655
icn	1654
pse	1653
hue	1653
pei	1652
ahu	1652
bah	1630
hah	1630
dst	1627
upl	1614
pou	1613
vri	1610
ofr	1602
bae	1600
zeb	1597
lsh	1596
zig	1594
phr	1592
iie	1587
mug	1583
enp	1578
puf	1568
thl	1563
rms	1559
tmi	1559
vau	1553
noe	1549
dof	1543
azu	1536
aet	1534
tni	1533
oze	1531
ufe	1527
deu	1527
afu	1523
ioa	1522
acl	1512
iob	1505
stm	1505
hte	1493
oue	1490
nhe	1486
uqu	1485
rtz	1481
dgi	1473
zos	1473
eds	1472
lnv	1471
glí	1465
fma	1451
ngf	1448
ggu	1448
mca	1445
goe	1443
rdt	1443
shr	1439
pca	1438
moh	1436
euf	1432
upc	1430
lho	1430
anm	1429
inb	1424
fif	1423
lnd	1416
hov	1414
eft	1413
ueb	1412
cna	1407
íon	1406
ibs	1405
pum	1404
raa	1401
pst	1398
aal	1397
pco	1388
rlt	1388
nns	1388
ahe	1388
ics	1388
rdn	1386
gda	1382
giz	1380
ssh	1378
ceu	1373
bha	1372
lmp	1372
eev	1371
oub	1369
cah	1364
roh	1364
rsp	1363
oag	1361
rpl	1360
nnò	1359
lbi	1358
dfo	1351
zra	1350
mib	1346
sht	1340
ziv	1337
oua	1334
efl	1329
ivò	1327
hao	1327
unh	1323
ntg	1322
fff	1321
shb	1320
haa	1318
enl	1312
mcd	1311
rtm	1308
lth	1306
cii	1305
bbu	1304
rfu	1304
lsc	1302
dbe	1301
anv	1301
beg	1292
rfl	1292
ebs	1291
riq	1290
eio	1290
iof	1289
ibù	1287
elc	1286
dmo	1285
tsb	1283
ieb	1283
niq	1283
aib	1282
rtò	1280
ief	1279
lro	1278
iep	1277
ezr	1276
tgo	1274
hup	1272
usp	1271
tsi	1271
mso	1270
mao	1265
prò	1263
nlo	1262
tco	1262
irp	1261
ize	1261
rtù	1256
zed	1255
aml	1250
tao	1249
sbl	1247
opc	1246
ccr	1243
cuf	1240
uuu	1240
luv	1238
guf	1236
ulp	1232
zlo	1232
duf	1230
ems	1230
dug	1229
zum	1226
mof	1225
ufi	1223
gac	1223
íam	1222
mud	1219
nsb	1215
ths	1215
cta	1215
dii	1210
iin	1208
ddh	1205
lhe	1202
zhe	1197
iio	1193
eho	1192
beb	1190
gea	1189
eos	1188
haf	1187
lua	1184
ozo	1177
tse	1177
mcl	1175
coh	1174
cma	1173
ssm	1171
chí	1171
iuf	1168
biu	1166
opt	1166
bef	1158
zap	1156
hli	1155
fte	1150
ilc	1147
lnc	1146
ldm	1144
iuz	1138
arq	1137
sae	1137
gmi	1135
nvu	1134
unb	1134
adm	1133
alr	1133
sah	1128
ghn	1124
ziò	1122
stò	1121
edl	1121
piú	1116
otò	1116
udl	1115
rnò	1112
zil	1112
lfe	1110
vou	1110
sdo	1109
oem	1108
odl	1106
zof	1104
bif	1104
ohh	1103
etl	1102
uha	1102
moe	1097
ovò	1096
scì	1092
rcl	1092
bdu	1091
lra	1090
lbr	1089
zef	1088
lns	1084
ubt	1082
agm	1082
atz	1082
dae	1081
ghl	1079
ndh	1072
oov	1067
heu	1064
gou	1062
ggl	1061
lha	1058
zeg	1052
lcr	1050
hih	1047
oam	1042
mse	1039
eom	1038
lmm	1036
nii	1036
ufu	1035
lnf	1035
eza	1035
idl	1033
dmi	1032
abs	1030
igs	1029
ims	1027
ufr	1027
dmu	1026
mcm	1025
boe	1024
ltz	1023
biv	1022
sss	1022
aon	1019
pte	1019
fom	1017
eml	1017
goa	1016
bdo	1016
ntí	1009
zod	1007
gof	1007
lri	1007
ddu	1006
qul	1006
vee	1006
cdo	1005
ezu	1003
aou	1002
eif	1002
nuf	1001
reh	1000
ubu	996
cee	995
leh	993
geb	990
bbè	989
siu	988
uzu	987
teh	986
ubd	982
otl	981
bst	977
zut	973
eou	967
vii	966
atf	963
soa	963
aua	955
bti	954
fti	954
obh	953
mni	952
voo	950
ntz	949
zaf	948
ilh	945
mgi	943
oho	941
ssò	940
bov	939
pma	938
llb	938
doa	936
fta	935
rrr	933
meh	932
zue	930
gfi	929
ttò	929
ffm	925
ngm	923
elh	922
itù	919
nbo	919
dhi	917
oms	917
eeg	914
ahn	913
guc	913
neh	912
hda	909
eeb	908
usl	903
mli	903
tfo	902
prì	901
lgh	898
sst	898
ctr	898
upt	897
ecs	896
hno	896
bco	895
emg	893
ngd	893
uvv	892
rgr	892
agd	890
gaa	890
lld	888
hvi	885
lna	881
uev	881
ulv	880
ntù	879
esn	878
ouf	876
doe	875
rhi	873
utz	872
cst	870
ovs	870
zip	866
iph	865
loh	865
gío	860
zeu	858
zma	858
mui	855
tfi	854
ubc	853
fad	850
nsf	850
lng	850
voz	848
vah	846
zee	845
udu	845
zul	844
elz	843
peb	839
aev	839
gfo	838
ghu	836
esd	836
tsa	834
dla	834
arh	831
amò	829
fiz	828
hui	827
ddr	827
gap	825
oof	825
hso	823
npo	821
chs	818
toz	817
pth	816
cía	814
npe	812
lao	810
hna	810
tzg	804
gsb	803
nct	803
hba	802
zge	796
aui	796
hti	796
uah	796
osí	795
dzi	794
asb	794
aed	793
chd	791
hdo	791
eef	791
cne	791
alh	789
hni	787
elr	785
ehr	785
naa	784
oii	782
ruv	781
mch	780
edn	776
tiu	776
evl	775
eul	775
atn	775
ulf	774
shv	771
pib	769
pue	769
laa	768
rss	767
loz	761
ggh	761
igf	760
mmh	759
dsh	759
oob	759
teu	755
heb	755
ghb	752
ags	751
lzh	749
pof	749
nss	749
maa	748
fea	748
tlo	748
uze	748
tme	746
edf	743
gsl	743
azg	740
usb	739
lae	738
dau	737
nme	736
osè	734
uft	734
ulq	733
rdr	731
zga	730
hta	730
qin	729
sro	728
osé	727
zem	726
cae	725
sts	725
inì	724
lms	723
nre	723
gme	722
ldb	720
zoz	720
lii	720
ueh	719
amd	718
cgr	718
fga	715
sri	715
sph	712
lni	711
azl	710
zva	708
htm	708
erí	708
tbu	706
omn	706
oev	705
tzv	703
inm	703
sao	702
toe	701
rdl	700
mcq	699
acn	697
tsc	697
inr	696
stn	696
ued	696
chf	695
rsì	694
gdo	694
ucu	692
eui	691
onò	691
bbc	690
íst	690
atí	688
evg	687
dli	686
bhe	685
eap	683
upu	682
irf	682
asd	682
ahr	682
zii	681
urz	681
utn	679
orí	679
ulb	677
eub	672
ogs	669
psh	668
rbr	668
odh	668
ttí	667
aad	666
osn	664
rnh	663
rcr	661
alò	660
cgi	659
tsm	657
alì	657
mfo	655
shn	655
guz	655
ríc	655
uct	653
ssí	653
enù	652
unu	651
hii	651
stí	651
arí	647
nug	646
ntm	646
nae	646
csi	645
aeg	645
apm	643
íca	643
itò	642
eeh	640
aiz	640
oig	639
prí	638
ggí	638
odf	636
dho	634
bll	634
clh	629
rmò	629
ína	629
osq	628
zuf	628
cga	624
ntì	624
aem	623
íco	623
chc	622
fiv	621
lcl	621
lfu	620
olò	617
ptu	616
fue	615
uib	615
tcl	612
rnt	610
odm	609
aif	609
ouq	608
mde	607
thm	606
ums	605
uii	604
iae	603
fne	601
paf	597
mío	596
lbl	596
íto	596
pob	595
ohl	595
ffs	591
abc	590
tzi	590
fef	589
moa	589
unr	589
íta	588
atv	586
aot	586
pem	586
zad	586
amr	585
uef	585
dfr	584
abn	582
mms	580
asr	580
ndb	579
aln	579
vli	578
rtf	578
dco	578
nbc	577
ngn	576
ínc	576
adh	576
lss	574
pua	573
dni	573
idò	573
cdc	572
íre	571
ría	570
gaf	569
mcf	569
anr	568
éli	567
mop	567
iup	567
icò	567
dlo	566
izp	565
hst	565
aam	565
moq	564
vge	564
gop	563
ffé	561
toh	561
onh	561
rnb	561
zío	561
ltm	559
bne	558
hru	558
zpu	556
uhr	556
ulr	554
vna	554
ttm	552
stc	552
cbi	551
hco	550
heh	550
zzò	550
odz	549
huu	549
rbl	548
orò	548
zah	548
soh	547
nhi	545
gnò	545
hfo	544
iui	544
taa	544
gso	542
imc	542
urò	542
mbs	541
iuo	540
acd	539
unl	539
hbo	537
ooc	537
oap	536
thc	536
aeb	535
adf	534
dca	534
nbr	534
scí	534
ghd	533
omf	531
llc	531
iml	530
buq	529
msa	529
duv	527
iit	527
bap	526
noh	526
oní	526
oaq	525
geu	525
utò	524
tuv	523
inp	523
cde	521
rdò	521
acm	520
dré	519
íma	519
adt	519
erì	517
thb	517
esr	517
etb	516
dhe	516
lmu	515
ldu	515
lío	515
rpu	514
iic	513
htc	511
rct	510
ilg	510
ngb	509
chì	508
liò	508
ftb	507
taq	507
aní	506
lhi	505
fuh	504
mra	504
rlò	503
stf	503
oum	503
fim	502
rím	501
ugs	501
foi	500
lsd	499
lts	498
lln	497
gll	497
umn	496
día	496
ugb	495
mcb	495
dls	495
pps	495
enm	494
éri	492
lnl	491
ará	488
cph	488
tst	488
ozu	487
ící	487
iis	486
esq	485
tln	484
gfr	483
dvi	482
mef	481
ahs	480
afl	479
onb	479
aab	478
feu	478
ziz	476
amf	476
ère	476
nsò	475
llv	474
rdm	474
lnu	473
píù	472
idm	472
lsb	472
egs	471
aas	471
íle	467
rtí	466
zho	465
uum	463
eaf	463
orh	461
muh	459
mro	459
ohm	458
stb	458
adn	458
bca	457
amt	457
ndí	457
biò	456
mho	456
gif	456
iaa	455
quí	455
ccò	455
baa	451
mii	451
fah	450
imè	448
bsi	448
osv	448
mml	447
eue	447
ezo	446
bii	446
ucs	445
npa	445
tdo	445
zhu	445
apì	444
thf	444
uuo	444
uun	444
nsd	444
roq	443
slu	443
dbu	442
íní	442
edb	440
osg	439
cbe	438
oml	438
hía	438
amù	437
tza	437
oed	436
soz	436
íat	436
née	435
rsb	433
alí	433
uhi	432
iho	432
áti	431
ené	431
chb	431
aat	431
iln	430
lgl	430
eib	429
rps	427
meb	427
iau	427
adv	425
fát	424
mcr	423
avl	423
asz	422
mlo	422
egm	422
cgu	421
amh	421
ihi	421
giò	420
ccí	419
bía	418
íve	418
lía	417
arì	416
bem	416
ltl	415
lps	414
rcò	414
ilr	414
epn	412
nmo	411
lre	411
sru	410
bez	410
aiv	408
puó	407
hff	407
ssn	407
íno	406
unp	402
rtì	402
vlo	401
hfi	400
uui	400
itb	399
trl	397
rdc	396
utb	395
dhu	394
síg	394
osò	393
auv	393
onm	393
rrm	392
fsh	392
cnn	391
usd	390
mta	390
mín	390
nuu	389
npi	389
rsd	389
íen	389
hbu	389
caa	389
plr	388
aht	388
tno	388
mll	386
rih	386
oim	386
rdh	384
eró	384
huf	384
imr	383
íde	383
rít	383
cze	382
bua	381
igb	381
odb	381
uur	380
soe	380
egò	380
llf	380
ovn	380
acb	379
anp	379
rís	379
zpa	378
ltò	378
zzz	378
gup	377
dsu	377
amc	377
ups	377
íor	377
uea	376
rsl	375
efè	373
zus	372
fii	372
seh	370
fls	370
lsp	370
tín	370
ían	370
llh	369
zla	369
íce	369
ihu	368
bao	368
itá	368
ofs	368
vur	367
uzo	367
mcp	366
tlc	366
rgm	365
geh	365
trí	365
rrí	365
nih	364
esf	364
ftl	363
azm	363
ppò	362
díc	362
sre	362
mla	360
uvr	359
íne	359
buu	358
edí	358
giá	357
ccc	356
ebc	355
urq	355
cfa	355
oeu	355
zei	355
ebè	354
rnd	354
ígn	354
uub	353
lcc	353
ímo	353
pía	353
ehl	352
usò	351
mhm	350
ruh	350
adb	350
esv	349
amí	348
urh	347
río	347
lmb	347
tím	346
zhi	345
ooz	345
fda	344
odc	344
mlt	344
suu	344
dth	343
tfa	343
pss	343
sge	343
asv	343
slm	342
neq	342
uue	342
doh	341
oei	341
gao	340
mih	340
evs	339
cmu	339
gep	339
ntb	338
pah	338
euv	337
aip	337
gah	337
daa	337
ígl	337
lno	337
snu	336
uus	336
íar	336
fín	335
olí	335
mía	334
dís	334
adc	333
bde	332
dèi	331
haq	331
mda	331
rív	331
bíl	330
bbí	329
mco	329
omt	329
deh	327
ssb	327
ièr	326
cbr	325
msi	325
azí	324
uhh	323
acg	323
miu	323
paa	323
aag	323
llí	323
eov	322
mto	321
lfg	320
ocm	320
dlb	320
tmu	319
uau	319
iee	319
sía	318
ouz	318
bup	317
hmu	317
zbz	316
lpì	316
rmh	316
cnu	316
zbe	316
bse	316
lín	316
meu	316
ruq	315
npu	315
afn	314
aoi	313
zun	313
rné	312
nlu	312
ìto	312
dba	311
gec	311
rln	311
tca	311
íer	311
ntc	310
mte	309
mci	309
ldt	309
tsf	307
gip	307
ofl	307
goh	306
tnu	306
usz	306
sgh	306
onp	306
glì	305
ílí	305
uuh	304
ndf	304
oee	304
aog	303
ghs	303
nbi	303
lzl	303
cío	303
fsb	302
oav	302
fst	302
rlm	302
llò	302
brò	301
hcl	301
huo	301
uhu	301
nbl	301
lsl	300
reò	299
vud	299
hsi	299
qqu	298
azt	298
emn	298
gud	298
pui	298
ínt	298
vít	297
pfe	297
nhu	297
zni	297
eiz	297
seí	296
cmi	296
mce	296
cít	296
hoh	296
mtv	295
msb	295
dve	295
tzl	295
tzs	294
zov	294
muz	294
tsh	294
nuò	293
rcí	293
bma	293
esí	293
cln	293
auu	292
món	291
fev	291
faf	291
rlc	291
ulh	290
aup	290
viu	290
ooi	289
oip	289
ogd	288
mln	288
rmí	288
igt	287
hca	287
tíc	287
uní	287
íme	287
tvb	286
phu	286
tuu	286
nmi	286
mbù	285
mss	285
qas	285
tsd	285
ssì	285
zev	285
quu	285
qae	284
nsì	284
guì	284
hbr	283
nzl	283
nph	282
rém	282
sze	282
uua	282
mcv	281
ció	281
ogm	281
íet	281
íva	281
zaa	280
bop	280
iir	279
irz	278
ème	278
htl	278
maí	277
rlb	277
erá	277
llr	277
evn	277
dír	276
zib	276
deí	275
acp	275
tré	275
tít	275
ehu	275
íss	275
gní	274
zli	274
émi	273
ssp	272
rín	272
unf	272
ímp	272
mct	271
èle	270
asn	270
llt	270
oaz	269
zid	269
suh	269
apn	268
uaa	268
ueo	267
dsc	267
cín	267
ufm	266
rsf	266
mga	266
tzp	265
lèn	265
ndm	265
soq	264
uoz	264
hbi	263
usm	263
iil	263
cbs	262
ení	262
zsc	261
htr	261
psa	261
uut	261
qan	260
stp	260
llz	260
éra	260
eln	260
tzu	259
cgo	259
ldf	259
dfi	259
oqq	258
lfs	258
itf	258
dte	258
qué	257
ène	257
gsa	257
noè	256
eea	256
aav	256
lzò	255
mfe	255
íso	255
líe	255
tge	254
atb	254
uhe	254
uzm	253
ggì	253
sìì	253
ioo	253
ttt	253
vru	252
ízí	252
dao	251
vís	251
afé	250
tzm	250
osr	250
quh	249
aef	249
zte	248
tph	247
dme	247
tvi	247
eob	247
flc	247
apá	246
laq	246
sìa	244
lvò	243
hér	243
orq	243
eei	243
icz	243
cdu	242
rzu	242
ehh	242
utm	242
ieh	242
ncí	242
omc	241
mth	241
ítt	241
eai	241
sté	240
ldh	240
eiv	240
stì	240
beu	240
vaa	240
hél	239
omí	239
ítí	239
bsh	238
sls	238
ibm	237
erù	237
piè	237
cfl	236
tbr	236
dva	236
dsm	236
gsh	236
ltt	236
imt	235
rlf	235
edv	235
mcs	235
sío	235
nít	234
íng	234
vue	233
aeu	233
lml	233
íac	233
ìam	231
duq	230
fln	229
pts	229
míc	229
ieo	229
rtp	228
muu	228
eví	228
ísp	228
nzé	226
gía	226
gmo	225
ocò	225
tív	225
sìg	224
ldl	224
tva	224
veu	224
íll	224
szl	223
más	223
líc	223
zub	222
lff	222
oec	222
fíc	222
qiu	221
zbo	221
puu	221
uap	221
iid	221
dno	220
tbo	220
ísc	220
mve	219
acz	219
ufl	219
ngc	219
hml	218
vía	218
sím	218
uod	217
rsí	217
umv	216
dgr	216
gsi	216
qia	216
aec	216
ahò	215
frì	215
amz	215
dch	215
isq	215
opf	213
adz	213
ooe	212
agò	212
gub	212
bda	212
ohu	212
mna	212
drè	211
rcs	211
duh	211
hsc	211
nsí	211
auo	211
gbo	211
dze	211
ngg	211
iné	210
rnf	210
ltí	210
ttì	210
spí	210
ecg	209
nní	209
índ	209
rtt	209
ích	209
dív	209
ucù	208
faa	208
mup	208
oab	208
tpa	208
ntn	208
afs	208
rnl	208
pme	207
aoc	207
cda	207
uml	207
ttn	207
zou	207
lnn	207
óla	206
dto	206
stt	206
thg	206
lfh	206
sgi	206
amg	206
híe	206
lít	206
emt	205
cmo	205
aaf	205
otz	205
apí	205
otn	204
rdí	204
tiè	203
shf	203
rrh	203
uoí	203
olz	203
vme	202
umh	202
emr	202
nsm	202
ìon	202
sdb	201
opm	201
tnt	201
ahd	201
ffn	201
cme	201
gba	201
ntè	200
ívo	200
ubì	199
aei	199
gef	199
utf	199
pni	199
ndé	198
ián	198
mua	198
nsv	198
ecí	198
gíu	198
vus	197
rhu	197
ruì	196
dío	196
níe	195
ngp	195
nlt	195
bdi	195
ilp	195
íte	195
thè	194
dcl	194
oef	194
bfr	193
cve	193
ezb	193
ldc	193
léo	193
oeh	193
tté	193
sdl	192
sza	192
iiu	192
abf	191
zob	191
elí	191
fth	190
isz	190
nnn	190
abí	190
elè	189
rén	189
udm	189
gch	189
ndì	188
nsg	188
lfl	188
zmi	188
abù	187
msh	187
idb	186
grr	186
fud	186
shc	186
diq	186
níc	186
íbí	186
svr	185
amó	185
egf	185
hms	185
zmo	185
ndg	185
bep	185
lsm	184
npr	184
ehn	184
thn	184
sín	184
nzt	183
nzh	183
así	183
aví	183
dbo	183
bhè	182
otd	182
coq	182
ulz	182
ììì	182
reí	182
tía	182
chh	182
iim	182
bna	181
èra	181
ozn	181
cza	181
mbí	181
cìa	181
haí	180
urè	180
ohr	180
qun	180
ssr	180
tír	180
agí	180
rrl	180
zne	180
iea	180
efs	179
maq	179
mno	179
tgs	178
emc	178
nnh	178
ubm	178
bof	178
íra	178
ecz	177
íus	177
oté	176
piò	176
spn	176
ioé	176
gde	176
cts	176
etm	176
vle	176
hdi	174
mpf	174
gmu	173
otí	173
míl	173
nls	173
crè	172
síe	172
htu	172
ruu	172
ríe	172
idz	172
etf	171
síc	171
srr	171
mpí	171
buh	170
pph	169
vui	169
unì	169
ngv	169
míg	169
thé	169
ezn	169
aiq	168
éph	168
pch	168
bhu	168
ocq	168
zco	168
ímm	168
hbe	168
vín	168
mfi	167
ssc	167
pìù	166
llì	166
ngz	166
ozh	166
thd	165
ezh	165
gfe	165
dèl	164
mhu	164
vov	164
adè	163
uíl	163
ndv	163
íal	163
elò	162
ntd	162
fco	162
bho	162
anò	162
dín	162
leí	161
bìt	161
rèm	161
veh	161
ipm	161
tpo	161
ríg	161
shs	160
éta	160
rml	160
gpl	159
ulù	159
olé	159
rès	159
dfa	159
ohs	159
ínu	159
apg	159
slb	159
lih	159
eeo	159
íví	159
ttá	158
phc	158
nés	158
tfu	158
oiu	158
crl	158
rff	158
ión	158
élè	157
zda	157
oré	157
mha	157
rfr	157
víc	157
zía	157
bln	156
htn	156
bér	156
uop	156
síd	156
ouo	156
tbe	156
qes	156
íns	156
hsu	155
lhu	155
azì	155
ppm	155
sdu	155
mep	155
avn	155
udn	155
euu	155
iiz	155
tzh	154
utg	154
ivv	154
uul	154
ubò	153
irq	153
omá	153
hrm	153
esg	153
irh	153
ìco	153
ggg	153
mbè	152
grl	152
dsb	152
hiò	152
emí	152
avs	152
hiq	151
ndz	151
azh	151
gìo	151
iib	151
anì	150
afè	149
aqq	149
uht	149
igd	149
omg	149
eiu	149
uab	149
ntt	149
píe	149
zìo	149
tsv	148
acf	148
hga	148
vll	148
ltd	147
luí	147
aró	147
ubh	147
udb	147
dfe	147
heq	147
ícc	147
nnl	147
opò	146
cth	146
ioh	146
stv	146
pér	146
atè	146
iré	146
eip	146
ogb	145
amé	145
ccì	145
zae	145
iua	145
unm	145
ìna	145
pcp	144
gzh	144
utí	144
udì	144
uif	144
tzo	144
hth	144
cíd	144
ímí	144
ggn	143
rsò	143
tép	143
emh	143
hch	143
aez	143
rée	143
mlc	143
udù	142
uzb	142
rgs	142
agb	142
atp	142
shd	142
lpl	142
gse	142
raí	142
qqa	141
img	141
eoz	141
mtr	141
cís	141
uhl	141
díe	141
ìst	141
zna	141
euo	141
imì	140
ahf	140
slt	140
mél	140
dbr	140
usr	140
lìo	140
mri	140
iue	140
qam	139
hsm	139
sìi	139
hcr	139
psc	139
vív	139
rll	139
mís	139
tmz	138
noí	138
gbu	138
gti	138
apc	138
mén	138
tfr	138
epb	137
pbu	137
tfl	137
até	137
fiq	137
abh	137
tlm	137
aré	137
tve	137
lgu	137
lgn	137
iuu	137
zpm	136
drd	136
azd	136
cré	136
cls	136
stá	136
lén	136
pít	136
edt	136
ocp	135
uud	135
mhe	135
zca	135
epc	135
paq	135
rcé	134
brì	134
dvo	134
nsr	134
tpe	134
fha	134
naq	134
poa	134
ndè	133
urì	133
míe	133
fuz	133
bsa	133
ísí	133
llá	132
vep	132
evò	132
imd	132
bsc	132
dsp	132
ací	132
udí	132
lrl	132
leì	131
upù	131
viò	131
apd	131
mpì	131
rsm	131
gbe	131
éne	131
esz	131
ríp	131
dsl	131
sís	131
íut	131
rés	130
ibn	130
usg	130
fts	130
íed	130
ihe	130
crí	130
mza	129
efc	129
ntf	129
cvi	129
eup	129
rìn	129
lrr	129
íos	129
omò	128
msl	128
rtb	128
foe	128
fso	128
azn	128
toq	128
eré	127
tlt	127
gbi	127
udh	127
nía	127
oiv	127
slc	127
íba	126
fua	126
alè	126
peq	126
gta	126
egb	126
tga	126
dím	126
fré	125
itv	125
mip	125
olè	124
obc	124
brr	124
fft	124
imh	124
cíe	124
ída	124
cuu	124
ppè	123
níb	123
btr	123
esú	123
trè	123
atd	123
umc	123
omd	123
sln	123
lzz	123
lvl	123
tpl	122
rìm	122
msd	122
ícu	122
enò	122
szc	122
qus	122
ozl	122
clt	122
shp	122
omr	122
rlg	122
nlc	122
azp	121
abt	121
lnq	121
bín	121
gvi	121
íes	121
fuu	121
lpr	121
nís	121
mqa	120
zao	120
ndc	120
opn	120
ínv	120
foa	119
tvo	119
hlb	119
rvu	119
zuz	119
zcz	119
eté	119
edh	119
luu	119
uph	119
liá	118
mòn	118
ebd	118
tda	118
hse	118
hhi	118
szt	118
dbl	118
gsm	118
pff	118
zme	118
veo	118
ocí	118
gza	117
dds	117
llé	117
izm	117
ìen	117
ntp	117
rmì	117
íoc	117
msu	117
vne	117
ebn	117
adí	117
llp	117
bms	116
ndù	116
zro	116
qoh	116
éna	116
thp	116
aoh	116
uín	116
hll	116
ìgn	116
luh	116
aih	116
dít	116
tzr	115
qat	115
nnc	115
dió	115
éti	115
pda	115
iip	115
vif	115
idh	115
hlu	115
ffí	115
lís	115
fél	114
ìma	114
aee	114
etá	114
dln	114
eua	114
smd	113
htz	113
evd	113
iiv	113
pír	113
rmb	113
ìno	113
mgm	112
fho	112
nqi	112
zqu	112
zdo	112
rír	112
hsh	112
pìa	112
mls	112
etí	112
hgr	111
ùno	111
foz	111
vae	111
guí	111
mre	111
pgr	110
gpi	110
ttf	110
víe	110
nnd	110
osz	110
igz	109
cíò	109
oeg	109
lfm	109
pfo	109
ceh	109
ídí	109
ìcì	109
atì	109
fop	108
css	108
olh	108
rsv	108
ndn	108
lpu	108
píc	108
ífí	108
ìta	108
pbs	107
íaz	107
rpg	107
usf	107
phl	107
nzí	107
hrl	107
mmí	107
lìa	107
iig	107
ìca	107
uao	106
zta	106
enè	106
aoo	106
hoz	106
sít	106
aai	106
gín	106
efn	105
zuh	105
sih	105
nrh	105
ouh	105
ftu	105
dlc	105
egè	104
nuh	104
msf	104
zzí	104
usn	104
gnl	104
èse	104
bch	104
édé	104
diò	104
ípe	104
cìo	104
cír	104
prl	104
onì	104
ígí	104
rví	104
fdl	103
bbé	103
ncé	103
imé	103
vda	103
íro	103
psl	103
flg	103
vni	103
agì	103
ìle	103
lsu	103
tfe	103
ríu	103
fbl	102
héc	102
agù	102
pét	102
uho	102
nté	102
oif	102
fìn	102
pís	102
ovl	102
uaf	102
gnè	101
pga	101
cfr	101
voe	101
eoi	101
fuf	101
mvi	101
amv	101
ité	101
ínf	101
czm	100
gír	100
lée	100
ssf	100
íun	100
éct	99
luì	99
fmi	99
rhé	99
gré	99
dgs	99
izn	99
zno	99
éon	99
daq	99
elé	99
ías	99
rìs	99
vlc	99
fme	99
ubn	99
hìa	99
ópe	98
gér	98
lzn	98
utd	98
cpi	98
hpi	98
gdu	98
rìo	98
bno	98
ucí	98
íel	98
dìc	98
dsi	98
ppí	98
brí	98
lóp	97
zìe	97
ldp	97
gdr	97
zoh	97
tuh	97
rdb	97
rní	97
hnu	97
npl	97
ìce	97
gln	97
olr	97
mdm	96
voí	96
zeq	96
ovg	96
lrv	96
qno	96
mhh	96
irá	96
ncò	96
dzo	96
rlí	96
rìa	96
uoo	96
ìnì	96
ouu	96
llg	96
flé	95
adì	95
niè	95
hín	95
aob	95
esì	95
ìac	95
mìa	94
pmu	94
cél	94
phs	94
bìa	94
eih	94
umf	94
qel	94
ánd	94
uof	94
izb	94
ziu	94
qal	94
írí	94
vví	94
cuí	93
ván	93
ppé	93
tuì	93
zua	93
aíu	93
mìo	92
cps	92
zvo	92
rét	92
msn	92
ípo	92
ído	92
smé	91
ìre	91
bni	91
ghh	91
omè	90
zbi	90
pgo	90
dtr	90
fao	90
udv	90
aap	90
aqi	90
rìt	90
vlt	90
vhs	89
srl	89
nès	89
imf	89
mán	89
ghr	89
víd	89
gth	89
hva	89
rrì	89
uiu	89
ehé	88
blr	88
ebh	88
taí	88
lrg	88
ieq	88
fíg	88
ltn	88
zif	88
ofm	88
nnt	88
dìa	88
nll	88
olì	88
imó	87
epè	87
poí	87
cba	87
rvì	87
gné	87
gtz	87
rnm	87
upd	87
hpo	87
cld	87
sgn	87
cll	87
bdl	86
zhd	86
bís	86
ivl	86
rfm	86
slr	86
erè	86
idc	86
nír	86
gsu	86
htf	86
zea	86
dìo	86
mdo	86
hío	86
uzh	86
vls	86
edc	86
rìc	86
agp	85
lru	85
áni	85
ncì	85
tqu	85
umt	85
ptr	85
ppp	85
ffc	85
urí	85
dlr	85
dbs	84
gpr	84
éme	84
beq	84
dép	84
zsa	84
eht	84
fía	84
tsp	84
líb	84
gnb	83
èce	83
dpl	83
bbì	83
hde	83
lmd	83
uís	83
uvu	83
oví	83
tíl	83
daí	82
lém	82
lzb	82
bcu	82
gfa	82
hlm	82
vze	82
icm	82
fss	82
tzb	82
fìc	82
tbc	81
ièc	81
ilè	81
ciù	81
otp	81
dbi	81
síb	81
hho	81
vch	81
glt	81
frè	81
omh	81
otm	81
bbb	81
íla	81
hha	81
dpt	80
ivá	80
rqa	80
msp	80
uzc	80
snb	80
gnn	80
ève	80
dìr	80
tbi	80
azr	80
amì	80
íao	79
fcc	79
équ	79
clé	79
hèl	79
ohè	79
ttc	79
dlg	79
uoì	79
éco	79
udz	79
mzi	79
enì	79
tih	79
tíe	79
díf	79
ìat	79
mít	79
ccm	78
ezv	78
íeí	78
buv	78
mdh	78
blù	78
qda	78
ggd	78
plm	78
pcr	78
vgr	78
gbr	78
ilò	78
zug	78
poh	78
bto	78
piq	78
ngí	78
auh	78
éro	78
ncc	78
ghí	78
ìnt	78
ogp	77
snl	77
bff	77
fùh	77
ùhr	77
ttb	77
rgd	77
mze	77
liè	77
enq	77
réd	77
ìng	77
hgo	77
pfi	77
stg	77
ebm	77
imn	77
tán	77
lìc	77
ìve	77
odí	77
usí	77
rgn	77
nzz	77
loè	76
loé	76
saí	76
igò	76
ènt	76
ìor	76
alá	76
hln	76
pío	76
fof	76
tlv	76
unè	75
upg	75
óme	75
cés	75
fub	75
zeh	75
riò	75
ttè	75
evz	75
elì	75
etò	75
clm	75
guu	75
scc	75
poì	74
ínq	74
ésa	74
tsz	74
ilì	74
ére	74
azq	74
cfi	74
líz	74
viè	74
ftr	74
íbe	74
avd	74
emd	74
hhe	74
ítu	74
vln	74
mìn	74
pín	74
otè	73
avc	73
mír	73
apè	73
agt	73
èli	73
std	73
uae	73
tlu	73
umg	73
zba	73
aío	73
uou	73
uít	73
dpd	72
drz	72
tgu	72
zzì	72
aof	72
éve	72
dér	72
ndp	72
pci	72
tci	72
lìt	72
csa	72
dlu	72
sll	72
rtc	72
vaq	72
ríd	72
seì	71
cué	71
ufc	71
epf	71
tzc	71
azb	71
edz	71
usq	71
ìsc	71
nrr	71
trì	71
brl	71
pvc	70
ddt	70
mbd	70
èss	70
ipò	70
éci	70
zíe	70
èna	70
oiz	70
léa	70
bzz	70
qve	70
rré	70
mfa	70
cpa	70
oai	70
lìe	70
nío	70
ìar	70
ìan	70
suè	69
cpu	69
vlr	69
eqi	69
nnì	69
ttv	69
zse	69
emò	69
rán	69
usì	69
bvr	69
pfl	69
ncz	69
aoz	69
vao	69
oep	69
ínn	69
veb	69
ueu	69
nzè	68
haì	68
blò	68
ehc	68
rmt	68
ooq	68
tcu	68
idì	68
rrá	68
ssg	68
èst	68
pls	68
níz	68
plí	68
uzn	68
cíu	68
huz	68
ìnc	68
utù	67
nsù	67
ovè	67
ldí	67
mdi	67
ubp	67
éla	67
hsb	67
gve	67
oau	67
reì	67
tìt	67
tcr	67
rfs	67
ním	67
dqu	67
íav	67
sfl	67
ebù	66
otg	66
sdh	66
vgi	66
ecò	66
obd	66
miè	66
vdo	66
ugr	66
thv	66
drí	66
lsr	66
aeh	66
rón	66
tce	66
prr	66
oaf	66
rìv	66
ìmo	66
nlm	66
mnt	66
egí	66
fll	66
bít	66
lhé	65
cfe	65
bfe	65
omé	65
tgr	65
lsn	65
mnu	65
ìss	65
èqu	65
oeo	65
ìmp	65
mva	65
ssé	65
chv	65
ìgl	65
tìn	65
góm	64
pds	64
odì	64
ogv	64
emf	64
lcz	64
hfu	64
abv	64
cíl	64
rdv	64
cíp	64
ìde	64
uiq	64
tll	64
cmr	63
neí	63
eeq	63
sué	63
upò	63
alé	63
zsl	63
dhd	63
euh	63
ugm	63
ghm	63
mhi	63
ogò	63
nup	63
ìoc	63
uoh	63
spì	63
blg	63
víl	63
pln	63
dpa	63
vof	63
duu	63
sìc	63
sìt	63
ríb	63
zbu	63
íga	63
tís	63
ìzì	63
lcd	62
abm	62
opé	62
dvr	62
dbf	62
mqu	62
ffh	62
émo	62
bls	62
gls	62
afm	62
osd	62
vgo	61
upé	61
ctv	61
oné	61
utp	61
csc	61
rtv	61
ulé	61
mpn	61
éza	61
dfu	61
zsi	61
ìte	61
avò	61
atg	61
dlv	61
uug	61
ípa	61
oao	60
gié	60
sán	60
íov	60
déc	60
zfe	60
zez	60
aod	60
rng	60
rvl	60
írc	60
htt	60
udc	60
tgi	60
tnn	60
tlz	60
uío	60
lím	60
ecb	59
dmé	59
fap	59
nnm	59
ién	59
szi	59
fhe	59
mub	59
cdr	59
èri	59
nff	59
plt	59
sìs	59
plc	59
hsa	59
híu	59
éle	59
tht	59
msc	59
clp	59
ízz	59
pìt	58
ltá	58
tde	58
qba	58
tbl	58
scs	58
itg	58
csh	58
ehd	58
dìs	58
ntv	58
peh	58
rbs	58
ífe	58
ldg	58
íse	58
nví	58
ríf	58
èèè	58
iós	57
drn	57
íct	57
hèm	57
uhè	57
zgo	57
tié	57
ttg	57
dlp	57
uup	57
aeo	57
fci	57
ddí	57
eoa	57
ivù	56
dmt	56
qre	56
gnz	56
rvò	56
lgb	56
mfr	56
isé	56
iró	56
áng	56
rbé	56
ané	56
qad	56
uré	56
éma	56
vef	56
leq	56
rdf	56
obí	56
dta	56
dss	56
tìc	56
ísa	56
rhè	55
nhl	55
céc	55
dgh	55
épe	55
izs	55
vaí	55
etq	55
gbt	55
ddd	55
vìs	55
poq	55
cpo	55
ezm	55
rnc	55
ríl	55
víg	55
otì	55
aaz	55
óno	54
isù	54
íem	54
ecm	54
nsq	54
ezc	54
ldd	54
réc	54
evc	54
anè	54
odt	54
zih	54
umd	54
hlt	54
níf	54
hpa	54
mér	54
ogí	54
fna	54
gpo	54
dll	54
íeg	54
zìa	54
dnr	53
bpr	53
gns	53
plì	53
lié	53
bnc	53
dhr	53
élé	53
iér	53
rnì	53
éan	53
oea	53
sól	53
evì	53
sée	53
pbo	53
dci	53
baq	53
ltc	53
nsn	53
rcì	53
ezl	53
ìet	53
tss	53
bnd	52
cìp	52
nìe	52
ogf	52
ibò	52
idf	52
hiù	52
bgo	52
puh	52
zau	52
rlè	52
lvu	52
ulì	52
rzh	52
ipc	52
fse	52
pré	52
auí	52
pìe	52
ùùù	52
mvp	51
fdr	51
qet	51
hge	51
qar	51
trp	51
bcd	51
ucì	51
sér	51
dsd	51
oiò	51
eoe	51
uaq	51
izh	51
tíz	51
ílo	51
cct	50
hém	50
rcè	50
brt	50
ocd	50
dhé	50
íag	50
mbé	50
vvl	50
gpa	50
apb	50
cse	50
bhi	50
mbì	50
óni	50
ròn	50
ìcc	50
íud	50
zoa	50
tls	50
aea	50
blí	50
avt	50
pdf	49
odè	49
érè	49
sév	49
clè	49
ocs	49
edè	49
éba	49
bnb	49
ccd	49
uár	49
izd	49
mpc	49
éni	49
zto	49
vvv	49
oou	49
dlm	49
bìl	49
ulí	49
líg	49
nzì	49
rsù	48
ìpi	48
caè	48
tpu	48
ozc	48
rág	48
gsc	48
qer	48
efg	48
umq	48
típ	48
psb	48
hhm	48
áre	48
ígu	48
dón	48
mpò	48
hlh	48
nìa	48
rlz	48
édi	48
vob	48
biq	48
stè	48
tìm	48
lpp	48
prt	48
ehí	47
lhc	47
ohé	47
cmc	47
oez	47
èla	47
rnè	47
fge	47
rzs	47
rdq	47
psp	47
gcs	47
tiá	47
sns	47
nmc	47
alù	47
ntá	47
obn	47
tdi	47
sml	47
chg	47
hìe	47
nív	47
gva	47
nmu	47
uía	47
tlf	47
ezí	47
ìva	47
bte	47
hcg	46
deì	46
pge	46
lbb	46
fiò	46
cnb	46
dmc	46
etp	46
éch	46
tsn	46
íec	46
díb	46
què	46
vér	46
ozm	46
qur	46
nzò	46
hce	46
ìsp	46
mbh	46
ccs	46
mbn	46
sps	46
rmf	46
grò	46
ová	46
ítr	46
fíl	46
tlg	46
fld	46
ìne	46
dpo	46
ìer	46
ìfì	46
hls	46
tás	45
suí	45
agf	45
nán	45
pèr	45
ugd	45
ptt	45
hze	45
clc	45
iaq	45
ofn	45
ési	45
tér	45
dzu	45
oaa	45
abé	45
uíd	45
fgo	45
amá	45
rég	45
mgr	45
qvi	45
bíe	45
fsi	45
aqa	45
íff	45
pll	45
rlp	45
iuv	45
aau	45
dtz	44
éag	44
óli	44
ohd	44
bén	44
dór	44
izg	44
ptm	44
uoq	44
gíù	44
zhn	44
tlb	44
lán	44
buì	44
déf	44
sìe	44
ncs	44
fsa	44
ghg	44
tml	44
lhl	44
mgo	44
etv	44
tío	44
uír	44
rnn	44
cìn	44
mmì	44
fca	44
phd	43
png	43
ehg	43
ubé	43
lèm	43
mèl	43
bél	43
ugz	43
íum	43
mìe	43
ées	43
ség	43
mdu	43
shí	43
oht	43
ahv	43
mlg	43
rmc	43
zri	43
clí	43
asì	43
ìlì	43
vuc	43
ìch	43
rlv	43
méa	42
zón	42
nlf	42
ofí	42
trá	42
raù	42
aùl	42
igé	42
lcò	42
apé	42
gnf	42
qab	42
euz	42
aao	42
rrt	42
vst	42
nlz	42
nzb	42
uoa	42
fni	42
éré	42
pfa	42
dsv	42
mti	42
híl	42
mgl	42
chp	42
uep	42
dlt	42
slg	42
uuc	42
ohg	41
aqo	41
dpi	41
leó	41
ubù	41
cóm	41
ngò	41
hfa	41
égu	41
arè	41
qub	41
rlì	41
mfu	41
pìs	41
trm	41
ígh	41
rrb	41
eae	41
ctl	41
otf	41
lìn	41
zui	41
rgg	41
fíd	41
zoé	40
azc	40
ébe	40
réa	40
rtd	40
mcz	40
héo	40
muq	40
sép	40
ziq	40
hpu	40
upì	40
bìn	40
rté	40
blt	40
ílm	40
gtu	40
aía	40
vìt	40
hve	40
ffì	40
nìt	40
afí	40
qva	40
ihn	40
gíc	40
drl	40
ísu	40
íot	40
nfí	40
síl	40
tíg	40
ldó	39
ebé	39
cbg	39
azó	39
tmí	39
maì	39
udf	39
fíu	39
rdd	39
láz	39
mée	39
obm	39
amè	39
èro	39
uhn	39
zzm	39
ndq	39
rcz	39
mìc	39
rtg	39
iqi	39
ibh	39
efí	39
cgl	39
dlf	39
vno	39
usv	39
díz	39
ìns	39
rlr	39
ìme	39
ruí	39
szo	39
nrl	39
cív	39
feh	39
ìtt	39
gìa	39
bgb	38
dhs	38
tvr	38
rlé	38
sds	38
frù	38
cpr	38
mrc	38
síz	38
prm	38
lár	38
crt	38
lmt	38
spt	38
bmi	38
dgo	38
èch	38
mmp	38
tzn	38
upf	38
lív	38
ìnu	38
vuu	38
tnd	38
vde	38
fov	38
eeu	38
adp	38
pnt	38
cán	38
dés	38
gìu	38
tìf	38
sìo	38
ndd	38
eaa	38
hnv	37
idù	37
znn	37
qob	37
ánc	37
éfo	37
iòs	37
sés	37
ncf	37
tès	37
eón	37
ámo	37
irì	37
dró	37
rná	37
pfr	37
ghé	37
rdg	37
ivé	37
cbo	37
zso	37
icf	37
ipz	37
rnp	37
qra	37
ihr	37
méd	37
qho	37
tpr	37
gén	37
ìso	37
hcc	37
vdi	37
apf	37
lzm	37
píd	37
ooa	37
naí	37
roí	37
íol	37
raì	37
rrv	37
voa	37
tíf	37
léf	36
ssá	36
dán	36
nèe	36
zzf	36
nrd	36
phh	36
cnr	36
ggz	36
rzt	36
lpí	36
icp	36
nné	36
mès	36
flè	36
htb	36
hrt	36
dih	36
ftc	36
nru	36
ìbì	36
etd	36
rzb	36
dlz	36
díl	36
gte	36
nln	36
qsi	35
qee	35
iht	35
nét	35
rzm	35
ibt	35
faí	35
dée	35
acò	35
elq	35
szu	35
zgi	35
azs	35
ivn	35
noé	35
llè	35
gnt	35
grz	35
zde	35
qco	35
mru	35
fsc	35
nvl	35
tìa	35
unv	35
dìv	35
trr	35
fít	35
sìm	35
oih	35
mpp	35
ípí	35
ehì	34
uié	34
déd	34
céd	34
ièv	34
álf	34
edé	34
ahz	34
luq	34
cms	34
gss	34
ètu	34
uér	34
vrá	34
rún	34
drá	34
pdi	34
gtr	34
ctt	34
vír	34
tns	34
mhn	34
nnb	34
miq	34
ìal	34
iih	34
ìtì	34
rcc	34
rrg	34
frí	34
dhg	33
épl	33
hpv	33
érr	33
vám	33
lìì	33
règ	33
núm	33
úme	33
lmf	33
tnl	33
taì	33
grì	33
rpt	33
vsi	33
giú	33
zpi	33
gué	33
ivs	33
úni	33
ubf	33
tnr	33
clg	33
aop	33
píp	33
tés	33
ssd	33
pìc	33
fba	33
íbu	33
mpd	33
ári	33
hfe	33
lrm	33
ìvo	33
mlr	33
hpe	33
imò	33
bih	33
lír	33
rsn	33
lìs	33
sld	33
scn	33
iif	33
ccp	33
cuì	32
édr	32
grv	32
grè	32
rcp	32
bgr	32
úne	32
crò	32
vih	32
ebt	32
híc	32
adò	32
fnt	32
avm	32
cíb	32
édo	32
rzl	32
írt	32
ibì	32
gnì	32
cbu	32
rév	32
gdi	32
ngq	32
ovc	32
riè	32
írl	32
gìn	32
rìe	32
íge	32
clr	32
ègo	31
hhs	31
éal	31
fza	31
sèp	31
emz	31
ebg	31
niò	31
pbr	31
ggt	31
bíg	31
fch	31
nnv	31
hsl	31
fíe	31
gih	31
níg	31
gsd	31
nìm	31
ulè	31
ecì	31
flm	31
obv	31
sió	31
fgl	31
cpe	31
lft	31
qai	31
izl	31
ìed	31
omì	31
etè	31
ocn	31
rgí	31
ìnd	31
vlg	31
grí	31
dzb	30
aaé	30
ìao	30
cgs	30
céz	30
vbg	30
dún	30
zlí	30
éod	30
qri	30
lrh	30
lpò	30
vha	30
qch	30
últ	30
gca	30
ctc	30
ára	30
ngè	30
rsz	30
vìa	30
unò	30
oeq	30
lnr	30
lmò	30
afc	30
bnv	30
ìcu	30
èdi	30
abz	30
ást	30
píl	30
bvi	30
fìg	30
ìol	30
éva	30
ìdì	30
aíd	30
fip	30
scò	30
dts	30
dza	30
nqe	30
mnc	30
rìg	30
gíl	30
sìd	30
rrn	30
pna	30
ìos	30
ìtu	30
aín	30
ísm	30
btf	29
gòs	29
òst	29
uéb	29
avz	29
zft	29
ddg	29
gaì	29
iqb	29
ómo	29
afz	29
èph	29
idè	29
rmg	29
dns	29
vlz	29
épa	29
fìo	29
ígg	29
faq	29
áno	29
ptf	29
caq	29
uoe	29
spm	29
égo	29
ísi	29
blé	29
crs	29
ddm	29
paí	29
lìb	29
odp	29
upn	29
mrp	29
umr	29
mtl	29
upí	29
cìt	29
díp	29
ifc	29
uzl	29
ímb	29
fís	29
sív	29
rbb	29
uzí	29
umí	29
gít	29
flr	29
aìl	28
ólv	28
biá	28
rtá	28
ibc	28
qlo	28
ahé	28
ufn	28
iùù	28
rèn	28
pnv	28
lmv	28
hén	28
bfa	28
gnú	28
nús	28
lmh	28
ehs	28
msg	28
rgé	28
ddò	28
bpa	28
edp	28
uaí	28
ezs	28
ùer	28
pós	28
zuu	28
hsf	28
zvi	28
prè	28
opí	28
utì	28
étr	28
dìm	28
tìo	28
gqi	28
írò	28
laí	28
siq	28
vío	28
zti	28
ilé	28
cím	28
ghc	28
gíe	28
iòn	28
hdu	27
pmc	27
ìmu	27
téb	27
noì	27
mmé	27
evf	27
veq	27
vdr	27
ezg	27
ibd	27
szp	27
lsí	27
rvè	27
ózs	27
égé	27
bés	27
mrn	27
mèn	27
mùa	27
gts	27
vmo	27
ntó	27
cmp	27
réu	27
igv	27
uté	27
olq	27
lmn	27
igp	27
bío	27
tzf	27
èfa	27
lèo	27
èon	27
hèr	27
ètr	27
dcr	27
cdp	27
gsr	27
rzò	27
ném	27
acé	27
phí	27
èvr	27
èta	27
umò	27
cón	27
tdr	27
blì	27
acá	27
íap	27
íuí	27
ulò	27
sìn	27
atò	27
bsu	27
gís	27
abì	27
dìn	27
coù	27
prs	27
cmq	26
sús	26
saì	26
vfi	26
dcp	26
áza	26
qbe	26
rèr	26
íri	26
ènc	26
giq	26
icq	26
bnn	26
lmz	26
dcd	26
lés	26
elá	26
epì	26
apz	26
qen	26
èmo	26
mdr	26
vrb	26
íaí	26
rgè	26
gsg	26
olá	26
ìes	26
lfb	26
pdo	26
prn	26
tmm	26
rtè	26
brz	26
lbs	26
hír	26
hìn	26
ìas	26
mmc	26
lér	26
ncn	26
bmt	26
pcc	26
ìmb	26
íci	26
zst	26
ltì	26
vta	26
ìmm	26
ìel	26
tcc	26
óne	26
blc	26
itp	26
egt	26
ípr	26
ríz	26
eín	26
ppì	26
ìra	26
ìda	26
tlr	26
vòi	25
raú	25
aúl	25
qdu	25
sgc	25
apò	25
hrh	25
ána	25
mcu	25
guè	25
hdr	25
íbo	25
tón	25
bce	25
nfs	25
nnq	25
rrè	25
psg	25
avì	25
hrs	25
aoe	25
odò	25
vce	25
ubí	25
qha	25
cgn	25
vci	25
ótt	25
czi	25
mtu	25
lgg	25
cìe	25
tìl	25
rsg	25
gsp	25
hld	25
írm	25
vop	25
qau	25
frl	25
hsp	25
ghf	25
nuí	25
tìv	25
díg	25
bta	25
rró	25
agz	25
orè	25
zdr	25
oín	25
rìr	25
bds	24
qvc	24
fdn	24
qta	24
mlb	24
zòn	24
ueí	24
fbb	24
ónd	24
mùi	24
otá	24
grg	24
umè	24
srd	24
tué	24
brn	24
qll	24
gèl	24
uqb	24
plp	24
écl	24
fèl	24
ttp	24
mrl	24
gnm	24
vìe	24
spb	24
iuh	24
ósi	24
vró	24
gpe	24
udt	24
oía	24
diè	24
mbt	24
lcm	24
zeo	24
itd	24
voh	24
blb	24
trz	24
dpu	24
ecd	24
afò	24
lvr	24
hlg	24
spc	24
ihl	24
ugí	24
dcu	24
flt	24
cih	24
ífi	24
zve	24
nìc	24
ltf	24
obt	24
lpn	24
rmp	24
ìsì	24
ozí	24
noq	24
cìd	24
srh	24
pdq	23
hhl	23
uqt	23
azò	23
ctb	23
bmd	23
oiè	23
abó	23
ùla	23
hcu	23
ouè	23
daì	23
upè	23
imv	23
brc	23
opg	23
vlb	23
vzi	23
rdó	23
glg	23
dpr	23
gmc	23
bìs	23
tée	23
onè	23
èfi	23
ìbe	23
íli	23
ztr	23
ffb	23
ìla	23
ígo	23
vuv	23
fnn	23
lèr	23
qpe	23
hìo	23
mcí	23
lcí	23
bme	23
cuv	23
imz	23
ocz	23
odv	23
oqi	23
gnr	23
inè	23
tpi	23
mìl	23
rmé	23
ofg	23
ezd	23
dtv	23
acì	23
prc	23
ifs	23
dìt	23
rrd	23
ìeg	23
ìut	23
éné	23
sgl	23
rzz	23
uuò	22
mgt	22
saù	22
épé	22
rsq	22
óns	22
tvs	22
mdc	22
ggb	22
bró	22
nég	22
égl	22
fhl	22
rmè	22
íod	22
nié	22
ivè	22
béc	22
éca	22
hgh	22
mts	22
guv	22
snd	22
gìù	22
oém	22
efm	22
glm	22
tén	22
dgu	22
mèc	22
nuì	22
síí	22
égi	22
ufs	22
ndó	22
nlg	22
rnr	22
rpp	22
mzo	22
vuz	22
dnu	22
rbò	22
lsf	22
íur	22
tró	22
cnd	22
dgl	22
isì	22
vss	22
dót	22
èsp	22
ílt	22
ìll	22
óri	22
qil	22
lón	22
scp	22
tlh	22
frr	22
ète	22
eoo	22
nnf	22
rás	22
írr	22
crì	22
ahp	22
gzi	22
saq	22
írs	22
clf	22
hpr	22
trs	22
gsv	22
íom	22
ífo	22
gco	22
trn	22
ìnv	22
líf	22
eao	22
dti	22
auè	21
voì	21
éfe	21
vpn	21
lél	21
pép	21
aòh	21
uhf	21
séb	21
tcp	21
geò	21
vuò	21
géz	21
cvs	21
glé	21
mbò	21
iùu	21
pfu	21
mrd	21
iiì	21
ìav	21
hhn	21
uuz	21
èpe	21
rlh	21
ahí	21
ièg	21
spè	21
sfí	21
glr	21
snc	21
icí	21
íoí	21
étu	21
izr	21
lrd	21
vím	21
rdp	21
ovd	21
csu	21
qse	21
mét	21
caí	21
ozs	21
smp	21
dnd	21
dtt	21
íti	21
hht	21
gbl	21
vtu	21
qsa	21
aís	21
itè	21
bcc	21
egd	21
shg	21
otv	21
cdi	21
sví	21
nnz	21
vìn	21
smí	21
rrf	21
úna	20
tvp	20
flp	20
clá	20
áud	20
coì	20
fms	20
nrc	20
cpd	20
opb	20
ìti	20
szn	20
fsp	20
bzi	20
dpe	20
qir	20
ueq	20
ivc	20
ués	20
sbc	20
gmt	20
lmg	20
mmb	20
ceq	20
tuò	20
mbm	20
rép	20
álv	20
fdi	20
sdó	20
nng	20
lmr	20
bré	20
vlv	20
ozr	20
dìf	20
cìl	20
sìb	20
crr	20
pìd	20
prg	20
lìz	20
slv	20
sén	20
vse	20
qis	20
évi	20
dfl	20
bss	20
pìn	20
lrt	20
bíc	20
snt	20
evt	20
tìr	20
drr	20
tíb	20
tuí	20
rmv	19
emù	19
mhz	19
tgv	19
iém	19
láu	19
ziè	19
cns	19
téo	19
avá	19
sbg	19
ázq	19
bps	19
chó	19
dèm	19
rèp	19
opv	19
nzá	19
ifì	19
moí	19
déi	19
qma	19
aiò	19
rác	19
coí	19
híp	19
tsl	19
hét	19
itì	19
fmo	19
ffò	19
ìrm	19
ncè	19
ucò	19
lmc	19
hlv	19
zru	19
hís	19
qla	19
mmt	19
sír	19
buí	19
vsc	19
dcc	19
fsu	19
dgn	19
éfi	19
vìo	19
zch	19
ocì	19
ldò	19
sdm	19
cva	19
hnd	19
eít	19
ldv	19
vrr	19
mìg	19
ìus	19
idp	19
odé	19
ldn	19
ezì	19
psì	19
éte	19
sìf	19
fío	19
lví	19
éis	19
mbb	19
aír	19
ént	19
afd	19
cíc	19
ftt	19
nín	19
suá	18
tzá	18
rfù	18
anù	18
ldì	18
lìi	18
iès	18
ròm	18
obg	18
zzc	18
nfc	18
mhl	18
cfc	18
hón	18
aqe	18
dpc	18
dnc	18
zál	18
ále	18
pcf	18
qmi	18
ugé	18
íru	18
voq	18
ncp	18
ést	18
czo	18
ddn	18
cbm	18
ghp	18
álm	18
vup	18
rrc	18
uhd	18
íls	18
bán	18
drm	18
crc	18
nhr	18
dvv	18
pva	18
cèn	18
sél	18
íbr	18
ltb	18
idé	18
ilá	18
vgh	18
uíe	18
hrí	18
uòf	18
glb	18
eoh	18
ogt	18
ddì	18
oíe	18
mld	18
íqu	18
ìdo	18
lás	18
pvi	18
ìud	18
èmi	18
iiq	18
izc	18
dgm	18
vgl	18
pmo	18
llq	18
gèr	18
lrc	18
isè	18
nìo	18
díd	18
fep	18
trc	18
uíc	18
nmm	18
lsg	18
spp	18
ífl	18
nnp	18
ídu	18
mtt	18
gég	17
eìn	17
ình	17
èrb	17
uhé	17
ftp	17
ggù	17
ufg	17
plù	17
dcs	17
mdb	17
cìò	17
gnh	17
cbc	17
víz	17
nzm	17
grb	17
cfo	17
mdt	17
nhc	17
icb	17
gèn	17
vma	17
sgs	17
fèv	17
bcs	17
fpa	17
lct	17
rvé	17
rnv	17
ivd	17
ítc	17
ggm	17
cgh	17
rcm	17
rìb	17
òfa	17
hng	17
cíf	17
íni	17
gsn	17
còr	17
cuá	17
gpu	17
èll	17
prz	17
deq	17
pih	17
aíe	17
nnè	17
uob	17
scè	17
vìc	17
ssè	17
ìgu	17
ngé	17
vrs	17
nìs	17
èva	17
pld	17
mrb	17
pde	17
crv	17
mnd	17
ìga	17
guh	17
glh	17
ùne	17
mmn	17
emì	17
vld	17
èco	17
nrt	17
ìmì	17
rrs	17
òòò	17
chq	16
fès	16
cèl	16
efá	16
fán	16
cds	16
blá	16
ólo	16
ehb	16
deò	16
cfd	16
dps	16
zpe	16
fiù	16
rbn	16
drc	16
zzs	16
isò	16
evp	16
ifm	16
qim	16
sèn	16
dgg	16
ecp	16
èff	16
íld	16
abq	16
rùn	16
mge	16
áin	16
fnu	16
hgi	16
ìot	16
php	16
tzt	16
rzì	16
líu	16
éru	16
fno	16
nms	16
drg	16
cvo	16
ciè	16
qde	16
néc	16
ucz	16
trt	16
ígr	16
vìv	16
atq	16
pht	16
efh	16
scd	16
bír	16
ngì	16
cìr	16
oír	16
ahg	16
aoq	16
gzz	16
dtl	16
fbe	16
vts	16
hvo	16
sèr	16
tms	16
lèv	16
scm	16
rmm	16
ège	16
ofb	16
iùi	16
ahb	16
rmr	16
vco	16
glc	16
mfl	16
hss	16
dcz	15
vét	15
dmg	15
lvd	15
fdp	15
btq	15
dht	15
sdc	15
dmv	15
lcó	15
ppd	15
ègn	15
tbs	15
atù	15
miò	15
ehz	15
nhh	15
uvl	15
qev	15
drs	15
dmm	15
pqu	15
vìd	15
mús	15
dtc	15
éze	15
sgt	15
dce	15
èbe	15
gaq	15
vtr	15
icó	15
ofc	15
ivg	15
acè	15
nmb	15
qce	15
edò	15
gfu	15
foh	15
omz	15
toè	15
èal	15
tìz	15
loì	15
gnv	15
èso	15
egó	15
rdz	15
fuq	15
acv	15
dsr	15
psí	15
ìpo	15
ozì	15
aìo	15
ùre	15
prp	15
mpv	15
qor	15
nvv	15
éto	15
gíg	15
hèq	15
rnz	15
rsr	15
ahc	15
níp	15
emé	15
ìun	15
tnm	15
ogì	15
ltg	15
brs	15
hít	15
bve	15
níu	15
huv	15
dét	15
ovt	15
hlr	15
ìzz	15
ìvì	15
sct	15
blv	14
vdb	14
dpn	14
faì	14
éué	14
cbd	14
tcì	14
hhé	14
vhf	14
pct	14
bié	14
ofò	14
lgs	14
vgu	14
hmp	14
éun	14
ddb	14
ahó	14
svp	14
zzh	14
vsm	14
éda	14
heè	14
puù	14
tég	14
dhl	14
szh	14
aaq	14
rzd	14
psd	14
euq	14
cff	14
ufh	14
èsa	14
nhs	14
nbh	14
riù	14
zdz	14
tét	14
ánt	14
ífr	14
prf	14
ìap	14
íeu	14
etg	14
ínò	14
rdè	14
avé	14
gón	14
uvs	14
íab	14
ioq	14
fpo	14
vée	14
sdf	14
dms	14
zgu	14
smt	14
bpe	14
lcn	14
rpf	14
avg	14
tlp	14
íaf	14
ugt	14
ató	14
aoa	14
vhe	14
blm	14
fér	14
mgu	14
fva	14
svl	14
fìd	14
dém	14
óna	14
aìu	14
éso	14
ùna	14
nlr	14
sìl	14
pìo	14
gìr	14
fbr	14
òni	14
lcs	14
ìnf	14
uuf	14
mrt	14
vum	14
ghì	14
nìv	14
vvì	14
cìu	14
ovì	14
dzh	14
ìtr	14
rìp	14
cóa	13
óat	13
ebp	13
ggè	13
cmv	13
zht	13
lqh	13
fps	13
ùge	13
ccv	13
èlè	13
ági	13
rsè	13
lbm	13
vcr	13
léd	13
ìeì	13
gcm	13
opó	13
vdc	13
maè	13
qso	13
ugè	13
crf	13
czu	13
ilí	13
pìl	13
atú	13
lfì	13
épo	13
pcs	13
chù	13
cvd	13
vdm	13
clì	13
mèt	13
hsn	13
mdf	13
uén	13
rpm	13
csq	13
ipg	13
ovb	13
zzt	13
mál	13
qdi	13
mdl	13
tlé	13
épi	13
gtv	13
fpi	13
ssú	13
cgc	13
gìm	13
aíl	13
nèl	13
ìff	13
muv	13
dnt	13
dsf	13
íug	13
mpg	13
bga	13
lpt	13
toì	13
tps	13
qum	13
èto	13
smc	13
dìz	13
rtó	13
flh	13
nvr	13
sqa	13
oís	13
ffd	13
ihh	13
afp	13
vlu	13
dtm	13
dès	13
abg	13
icv	13
vèr	13
uìt	13
opì	13
auq	13
síf	13
prh	13
nsz	13
bci	13
nìz	13
fìa	13
ífa	13
tíd	13
qli	13
sié	13
rzí	13
ílu	13
bts	13
zín	13
ebí	13
lév	13
ouí	13
uuí	13
ìrì	13
tng	13
líd	13
bzb	13
ppn	13
ìse	13
rùg	12
frá	12
búi	12
spó	12
cfp	12
buè	12
upá	12
vcp	12
csr	12
vaì	12
ohá	12
gòn	12
pué	12
sbì	12
rzf	12
qti	12
abè	12
dái	12
rmá	12
fcu	12
rzn	12
ugò	12
mbc	12
dcf	12
snn	12
tmt	12
sbn	12
hné	12
ìbu	12
rpc	12
dml	12
píu	12
írv	12
pqr	12
dsg	12
vso	12
rgò	12
shq	12
rìl	12
pcl	12
gló	12
lór	12
adá	12
qle	12
qud	12
opd	12
leò	12
ipb	12
bmu	12
hév	12
mmò	12
ìov	12
uqn	12
qnu	12
lcì	12
fmn	12
hés	12
csm	12
hdl	12
cdd	12
baí	12
aít	12
ifí	12
pán	12
vcc	12
dòn	12
cnt	12
vto	12
biè	12
nml	12
ròs	12
hnh	12
brm	12
tòn	12
nèr	12
spd	12
umé	12
bmo	12
sár	12
ìrò	12
qst	12
qca	12
mns	12
asò	12
ísf	12
csp	12
uzs	12
rdé	12
vìg	12
tvu	12
hìu	12
cìs	12
rié	12
áci	12
uiè	12
rìd	12
aep	12
ííí	12
oeì	11
sdp	11
trú	11
bqe	11
mzò	11
qsì	11
dmz	11
pnl	11
lzs	11
ácz	11
néa	11
deá	11
apq	11
lmá	11
vré	11
mdn	11
dnl	11
úsi	11
sìu	11
vub	11
gmb	11
doè	11
véz	11
rnq	11
zhl	11
ofp	11
áth	11
lné	11
dgc	11
ssz	11
lrf	11
vbe	11
tzd	11
zsh	11
hph	11
vvb	11
zzr	11
áli	11
mvo	11
igì	11
mmr	11
lcá	11
puv	11
uhp	11
déb	11
ldé	11
odó	11
ezé	11
rèa	11
pgl	11
árb	11
glù	11
oìs	11
dìi	11
éce	11
íog	11
béb	11
sèe	11
lnb	11
frg	11
lfc	11
pnu	11
dtu	11
nqo	11
ièm	11
fgr	11
evé	11
épu	11
tvd	11
cní	11
már	11
afv	11
rht	11
ihm	11
éfa	11
éop	11
cál	11
nlv	11
lnp	11
vug	11
énd	11
gsf	11
tmp	11
uìr	11
tìs	11
òli	11
trb	11
rcq	11
csb	11
zhb	11
pns	11
mpè	11
inó	11
fbo	11
rvr	11
pmi	11
zud	11
ícr	11
nuq	11
czn	11
ccf	11
qpo	11
cbl	11
míd	11
neé	11
rbh	11
flf	11
nft	11
bbt	11
rmn	11
bva	11
fve	11
ofd	11
iùs	11
ìil	11
drt	11
ztu	11
ssv	11
íof	11
toí	11
pvo	11
npp	11
éad	10
eán	10
zlé	10
íoè	10
bbq	10
qem	10
ípm	10
tèz	10
efp	10
gcb	10
prq	10
zaq	10
ogá	10
gán	10
bqo	10
qol	10
cvc	10
uvm	10
rhn	10
túa	10
úss	10
béd	10
phì	10
bdp	10
gpm	10
bns	10
qed	10
gbh	10
èrr	10
sùù	10
ufò	10
hdm	10
vgn	10
pdl	10
tbd	10
gnc	10
iuq	10
acó	10
tdt	10
mèd	10
srb	10
bès	10
ncg	10
huq	10
lhm	10
mzu	10
lbc	10
rmó	10
fpr	10
bhs	10
dòr	10
ctp	10
qrs	10
qgr	10
csl	10
uzd	10
ové	10
mnq	10
vza	10
eló	10
éss	10
mrg	10
nbs	10
paì	10
peí	10
vba	10
ráp	10
ápi	10
cún	10
íuo	10
lìf	10
dìì	10
bzo	10
cnc	10
cìm	10
neò	10
léz	10
ézi	10
sql	10
ftf	10
tmd	10
abò	10
udp	10
gzo	10
ùor	10
grs	10
dél	10
azv	10
rhm	10
uùs	10
íío	10
ùos	10
ddv	10
hoq	10
grn	10
tds	10
ftn	10
pgu	10
ccn	10
bcr	10
zre	10
qeu	10
dph	10
asé	10
cès	10
ède	10
zmu	10
bnu	10
pgn	10
iùf	10
qio	10
sbp	10
phé	10
òte	10
ròl	10
mìr	10
cfu	10
bbn	10
zìn	10
eiò	10
mpm	10
ísh	10
tvt	10
cnl	10
írg	10
tsg	10
lpm	10
esè	10
ipf	10
ípl	10
ocb	10
qah	10
eaq	10
ípp	10
srp	10
hmh	10
aìa	10
tìe	10
oío	10
íbl	10
msr	10
suq	10
ièn	10
rrp	10
vte	10
hqu	10
qie	10
pbb	10
gci	10
siè	10
lzu	10
ìfa	10
fpe	10
iùa	10
euí	10
éde	10
rìf	10
lsv	10
etì	10
cár	10
msm	10
rbí	10
aná	10
slz	10
pìr	10
vvr	10
iní	10
nér	10
mìs	10
ééé	10
ròt	10
gnd	10
iùn	10
plf	9
nfò	9
mré	9
uèb	9
lét	9
hùa	9
lbá	9
ctù	9
rgc	9
gév	9
bát	9
smh	9
lpg	9
buò	9
spù	9
cfs	9
fzi	9
pmm	9
ásg	9
sfò	9
dhp	9
cpt	9
séc	9
écu	9
ctm	9
psq	9
ccù	9
béa	9
éat	9
hrb	9
ghè	9
ztn	9
héé	9
mgb	9
pdd	9
ifp	9
zpz	9
gce	9
sqo	9
ctí	9
uaì	9
guò	9
ovz	9
scz	9
qrt	9
ésh	9
lbn	9
bpo	9
agú	9
urá	9
cuq	9
gál	9
gtb	9
òsi	9
qtu	9
ècc	9
qaz	9
ghz	9
uíp	9
ìfe	9
tìp	9
esò	9
dèr	9
heì	9
ffg	9
mlp	9
lfp	9
izq	9
gnp	9
sèt	9
rpí	9
fpd	9
cft	9
hdt	9
sdn	9
pcm	9
mnm	9
cpm	9
sdt	9
izv	9
shì	9
hnb	9
aìn	9
qci	9
íul	9
tld	9
epé	9
èsu	9
mùo	9
agè	9
mtn	9
qte	9
bsg	9
agó	9
pnr	9
cée	9
cpn	9
ncó	9
èun	9
ocó	9
tcb	9
puq	9
zél	9
csd	9
ìfo	9
dìe	9
zgr	9
fìs	9
lrb	9
dén	9
ítm	9
meí	9
èni	9
vtt	9
crm	9
áll	9
mmg	9
pró	9
gcc	9
ivt	9
ofh	9
vió	9
ozd	9
htv	9
ùro	9
rcn	9
hlf	9
bgl	9
ùra	9
cmt	9
níl	9
vti	9
qut	9
tgl	9
vpa	9
ìgg	9
déo	9
epm	9
ége	9
zdi	9
lté	9
neè	9
ícl	9
ogc	9
uán	9
nvì	9
ìrl	9
ubv	9
pba	9
lnm	9
mlm	9
mng	9
áis	9
lrn	9
prd	9
sìv	9
fnc	9
trh	9
èsc	9
zió	9
vsa	9
ìgì	9
rìz	9
orá	9
npn	9
ìsm	9
iùt	9
oué	9
doq	9
izt	9
smm	9
vua	9
agc	9
íuu	9
trg	9
ciq	9
roì	9
trd	9
ttd	9
íua	9
rìu	9
lmì	8
efz	8
cfb	8
ebv	8
fcs	8
fuí	8
cdf	8
hdb	8
qph	8
mhr	8
hnq	8
nzd	8
láp	8
tcm	8
nvd	8
uòi	8
pdt	8
ueì	8
ìnq	8
uál	8
éar	8
zoè	8
erú	8
úst	8
dèc	8
vém	8
òmo	8
bbd	8
aqb	8
qbo	8
nrí	8
èes	8
ubz	8
cnp	8
qib	8
gmf	8
mém	8
bìg	8
lvb	8
èba	8
èpa	8
chz	8
eòn	8
uhb	8
crp	8
qpr	8
mbz	8
lnh	8
mbp	8
ldz	8
psv	8
qnd	8
ibg	8
frs	8
nrf	8
sèv	8
ísr	8
ádi	8
ònd	8
bpc	8
ovm	8
lqv	8
oít	8
smò	8
vlm	8
zbl	8
gpd	8
src	8
pié	8
ftm	8
trv	8
pmp	8
uéa	8
smb	8
ecù	8
cùl	8
héi	8
uùn	8
tòr	8
òri	8
fnr	8
vpe	8
agé	8
ttq	8
nél	8
zlu	8
hrd	8
srs	8
sbs	8
csf	8
ncm	8
ính	8
egì	8
clv	8
atá	8
rsé	8
obì	8
ímc	8
fml	8
crn	8
pcg	8
vhi	8
icd	8
efv	8
gvo	8
rhc	8
omq	8
òra	8
iqa	8
uhs	8
nén	8
gfl	8
híf	8
rìì	8
rgf	8
zsu	8
slp	8
tnp	8
oíb	8
epò	8
slí	8
irè	8
uví	8
dtf	8
lgm	8
avp	8
bás	8
chá	8
ávi	8
aùn	8
adó	8
crd	8
vds	8
èan	8
píg	8
lní	8
qqq	8
bcl	8
tsr	8
ozg	8
mnp	8
upm	8
teé	8
ímu	8
fmí	8
iùv	8
ìpa	8
lìr	8
òna	8
msv	8
dld	8
bld	8
lrs	8
uih	8
pve	8
nbb	8
pdr	8
èca	8
qcr	8
ìpe	8
pím	8
drì	8
éno	8
éga	8
teí	8
ùlt	8
nìr	8
hiè	8
slf	8
nmp	8
igc	8
cvp	8
ése	8
zcu	8
efò	8
èfe	8
zlt	8
ègi	8
frm	8
hci	8
reé	8
eiq	8
btt	8
nbn	8
pcb	7
hcm	7
fút	7
útb	7
zén	7
ápa	7
dbc	7
bpm	7
pdb	7
mlh	7
ugc	7
zné	7
bèh	7
blp	7
nhè	7
vzh	7
èlé	7
mèr	7
òru	7
grù	7
ihs	7
hgs	7
zéa	7
fcb	7
qap	7
gús	7
hqa	7
cèz	7
èza	7
cìè	7
nuá	7
fmf	7
rfú	7
còm	7
pms	7
coè	7
ébé	7
pgf	7
vft	7
ríq	7
hbg	7
bnl	7
bze	7
llù	7
srg	7
goé	7
plá	7
dsz	7
rèd	7
írh	7
ntú	7
zfi	7
uvé	7
ìfu	7
sfs	7
nmd	7
fiè	7
pég	7
èrè	7
èno	7
fée	7
pdm	7
ctd	7
pbh	7
slì	7
lgò	7
hìs	7
uéz	7
cmh	7
loí	7
cng	7
mpá	7
mdd	7
vpu	7
smg	7
qug	7
tgp	7
ltp	7
rfb	7
nfm	7
pce	7
goí	7
uìn	7
bdb	7
ncù	7
éau	7
siì	7
bfi	7
áru	7
idv	7
ìdu	7
gqu	7
són	7
cvr	7
rhr	7
ùfo	7
lép	7
fds	7
frò	7
ebz	7
pfí	7
lmq	7
aiì	7
sbm	7
lbt	7
vcn	7
evè	7
rfí	7
ívi	7
epú	7
púb	7
btu	7
ìur	7
izì	7
htp	7
tbb	7
esá	7
ffp	7
èvi	7
ìab	7
hpl	7
gbs	7
bár	7
áro	7
tvv	7
cnh	7
nmr	7
ozt	7
ifg	7
svs	7
hnl	7
taè	7
íth	7
òla	7
cmm	7
nrs	7
qav	7
lèg	7
bét	7
ìrc	7
iés	7
pft	7
rbì	7
utv	7
sgg	7
ìro	7
dmn	7
eíc	7
epí	7
zfl	7
opq	7
ùar	7
nrm	7
fír	7
íón	7
nfn	7
ílv	7
blz	7
zzn	7
crh	7
tmc	7
stú	7
gtl	7
fdí	7
adq	7
ùse	7
iùc	7
mìt	7
tft	7
évr	7
bmr	7
cmd	7
srv	7
vff	7
oùn	7
bíb	7
pée	7
bèc	7
aeq	7
mqr	7
ezq	7
péd	7
cié	7
heí	7
rft	7
cml	7
aló	7
ppt	7
agv	7
hím	7
vnc	7
ìge	7
uée	7
rcd	7
tár	7
szm	7
gíd	7
lnz	7
vvs	7
ncd	7
tnc	7
zít	7
uív	7
ròv	7
ròf	7
nps	7
líq	7
brb	6
qmr	6
bgf	6
mrq	6
fué	6
cnq	6
pùò	6
egz	6
éld	6
czc	6
vvf	6
ízi	6
fèt	6
ètè	6
czl	6
qcl	6
ppù	6
qtz	6
gdd	6
bsm	6
rvn	6
ahá	6
vhl	6
ouì	6
neì	6
gcn	6
èdè	6
sèb	6
ncú	6
aqs	6
gtp	6
ìtù	6
hcf	6
ììc	6
fhm	6
aiè	6
vpg	6
ách	6
qdn	6
vmu	6
vgb	6
shé	6
zmá	6
lpd	6
nsè	6
mrh	6
bht	6
aìs	6
cór	6
órd	6
rós	6
csv	6
asó	6
méz	6
spq	6
fvn	6
iuì	6
íze	6
laé	6
tpb	6
lvs	6
tsè	6
ozá	6
iùì	6
èic	6
srì	6
luù	6
éll	6
umz	6
boè	6
mdì	6
ìlm	6
drv	6
lbí	6
plb	6
flá	6
óma	6
clb	6
psm	6
ùli	6
bús	6
vòr	6
déa	6
òsa	6
rhv	6
ucp	6
rèz	6
udú	6
tél	6
ìbr	6
fìr	6
lái	6
ppc	6
úri	6
élo	6
ftd	6
npf	6
oíc	6
vps	6
mlí	6
ùni	6
pzm	6
bée	6
efb	6
hrc	6
òvi	6
ovh	6
csn	6
ifb	6
oié	6
fsv	6
vés	6
hgu	6
asè	6
fpg	6
nhg	6
hól	6
cdg	6
tgh	6
fòr	6
mgh	6
vrn	6
pìì	6
vzz	6
hmf	6
ccg	6
cpp	6
zán	6
èfu	6
ohp	6
mìi	6
fím	6
lég	6
iiá	6
gms	6
dám	6
áma	6
vsh	6
drú	6
ápo	6
cnf	6
vié	6
obè	6
uìl	6
osá	6
soé	6
ìag	6
lmí	6
íad	6
ucm	6
saè	6
zbr	6
áne	6
snm	6
mnb	6
hrn	6
srn	6
rgt	6
ubg	6
veí	6
tvc	6
úpi	6
dtd	6
ába	6
afì	6
dcv	6
ùco	6
ùpr	6
líl	6
gìc	6
spg	6
gaí	6
ími	6
òch	6
rhs	6
sqc	6
qaa	6
stz	6
árt	6
péc	6
grd	6
ídd	6
cpl	6
omv	6
qfa	6
bìo	6
ènu	6
réf	6
prv	6
sìp	6
fìt	6
zln	6
oùl	6
boq	6
vár	6
itó	6
ncb	6
ìug	6
tìg	6
pív	6
ocè	6
avè	6
utè	6
èga	6
ísl	6
ioì	6
oíl	6
rgp	6
réi	6
òpi	6
gìt	6
ecq	6
scq	6
gés	6
dbb	6
epá	6
hlc	6
cìv	6
ifd	6
ífu	6
qne	6
qvo	6
qdo	6
zfo	6
nnr	6
síp	6
eíl	6
gíb	6
pòr	6
mnn	6
iiò	6
brg	6
fce	6
irí	6
uró	6
ucn	6
aov	6
tgg	6
teè	6
iùr	6
nìn	6
tpp	5
uvf	5
lsì	5
féi	5
éin	5
nác	5
hgc	5
vfc	5
mói	5
óit	5
gqr	5
áfr	5
ehf	5
bgd	5
ìsl	5
lìp	5
qiq	5
éní	5
onù	5
zmí	5
qei	5
lzg	5
zmp	5
árq	5
cql	5
vtm	5
hps	5
ucb	5
ivp	5
lbd	5
idq	5
qrm	5
ívò	5
rád	5
zsó	5
sóf	5
ófi	5
zár	5
onó	5
cèi	5
otù	5
tùs	5
ggv	5
vmb	5
mmá	5
mgd	5
uùp	5
ùpu	5
zhr	5
cép	5
ehò	5
hòg	5
hiì	5
iìr	5
pbc	5
ùri	5
biù	5
bíò	5
qig	5
fbs	5
afá	5
bpp	5
rfh	5
ccb	5
ugp	5
prá	5
zcl	5
psf	5
nué	5
rué	5
cvg	5
obf	5
vqc	5
svg	5
evh	5
sfp	5
lós	5
ulú	5
usé	5
rpn	5
tèp	5
mbf	5
mbó	5
hbt	5
veì	5
òma	5
réz	5
niù	5
árc	5
aió	5
slá	5
pdg	5
bhé	5
gór	5
zpt	5
abp	5
cpv	5
fdt	5
pvs	5
qbi	5
vès	5
zír	5
ásq	5
sní	5
úbb	5
dsn	5
zcr	5
ipí	5
dqv	5
tlè	5
npc	5
gmn	5
avh	5
ìsa	5
étt	5
oló	5
mór	5
nqv	5
qhi	5
gíò	5
ùil	5
clz	5
ìfr	5
pmg	5
été	5
ppz	5
snp	5
blè	5
íbi	5
trf	5
aíg	5
utó	5
ztt	5
uqe	5
rió	5
rpá	5
pád	5
htg	5
lpf	5
tcz	5
èns	5
lhs	5
seè	5
caé	5
cfm	5
mtb	5
iòl	5
bbf	5
pdc	5
hbl	5
hhu	5
íía	5
ìaì	5
cìc	5
cqn	5
abá	5
pmd	5
uèr	5
ènn	5
lhh	5
zrr	5
ptc	5
bèl	5
bèr	5
tíí	5
riá	5
gím	5
náp	5
ddp	5
hds	5
ìrt	5
ezt	5
ála	5
ìem	5
ípi	5
ihd	5
írd	5
tvm	5
ibf	5
pió	5
íbb	5
nvt	5
lvn	5
ròc	5
dnv	5
ubè	5
híg	5
prb	5
thq	5
brù	5
spf	5
bvc	5
lìh	5
evm	5
tiì	5
dct	5
dpp	5
crb	5
díó	5
árn	5
liù	5
édu	5
èma	5
ídg	5
qps	5
mlf	5
èpi	5
túp	5
rpò	5
nhn	5
nlp	5
ùfa	5
ùvi	5
eís	5
ùal	5
iùp	5
bnr	5
rhb	5
thh	5
fév	5
tbf	5
meé	5
bza	5
ígm	5
chò	5
hòn	5
raè	5
bdm	5
spé	5
dòm	5
obé	5
fhu	5
qeh	5
qsp	5
tèe	5
còn	5
laì	5
fìl	5
èfr	5
adé	5
ómi	5
vvu	5
èsi	5
soì	5
hzi	5
èrt	5
fde	5
ugì	5
ùrs	5
èar	5
mùe	5
éia	5
nld	5
bnt	5
gtm	5
árd	5
tór	5
cdm	5
áca	5
smr	5
lìg	5
zll	5
mué	5
uév	5
nmq	5
mmf	5
òto	5
lgí	5
nfd	5
éfé	5
brv	5
rèt	5
ídr	5
pfg	5
nzs	5
óra	5
bsb	5
ibí	5
fgt	5
fhi	5
gcu	5
hza	5
èci	5
hnt	5
tlá	5
òne	5
íev	5
gmm	5
quc	5
qpi	5
hvl	5
héf	5
aím	5
òtu	5
èil	5
aié	5
psn	5
òdi	5
fns	5
nrn	5
ùin	5
zzb	5
rát	5
scv	5
ísb	5
ìnn	5
iét	5
tnv	5
bió	5
lìd	5
uìs	5
ptl	5
cqc	5
ttó	5
rvv	5
ùch	5
ùnd	5
ìni	5
tèè	5
sbí	5
ísg	5
ìpr	5
qzo	4
ghù	4
ùep	4
ùiù	4
ùuo	4
hcv	4
fih	4
érz	4
èah	4
asú	4
sún	4
ptá	4
égn	4
pfc	4
sèl	4
vuh	4
cùn	4
dlq	4
lzd	4
lbè	4
bèq	4
zhc	4
haé	4
aél	4
btc	4
fvr	4
nqn	4
qdd	4
qrf	4
obú	4
éie	4
elú	4
lús	4
úli	4
qgg	4
nbò	4
omú	4
héq	4
nnù	4
lcf	4
géb	4
ébi	4
epg	4
ebú	4
obá	4
tòm	4
béz	4
iòè	4
dév	4
fsf	4
fró	4
róu	4
óun	4
éns	4
núr	4
oùg	4
ùgl	4
bòt	4
czé	4
hsv	4
gbc	4
bmn	4
svt	4
hèb	4
hgt	4
duè	4
cìb	4
ìbo	4
rbá	4
pnb	4
cqb	4
tùo	4
ùon	4
dìb	4
vsp	4
mds	4
gìg	4
èfo	4
hèo	4
fìi	4
vál	4
réo	4
éol	4
dóv	4
ùio	4
tnz	4
ddf	4
aqg	4
lvé	4
scé	4
cmb	4
cvh	4
ivf	4
íts	4
ocf	4
vtz	4
rvz	4
gmh	4
hlp	4
mhs	4
zíò	4
cgt	4
egp	4
vnt	4
sbd	4
bíp	4
fnl	4
ddc	4
pmt	4
zce	4
véd	4
séi	4
pèg	4
bpd	4
qsc	4
azá	4
ptò	4
rgb	4
líí	4
óve	4
ìit	4
dìd	4
hìg	4
tzè	4
evó	4
vón	4
eíb	4
pgp	4
cgd	4
mfp	4
pés	4
mmè	4
thz	4
píí	4
paù	4
fìe	4
lèa	4
òcc	4
ùlo	4
tèg	4
hvè	4
vuf	4
srm	4
tgc	4
rùc	4
idó	4
ùen	4
ùol	4
òme	4
sqi	4
ùec	4
bsq	4
rfd	4
nbv	4
vbn	4
stó	4
icì	4
glá	4
qsu	4
qrd	4
rfn	4
ltè	4
vvc	4
gél	4
imá	4
sém	4
èti	4
cbb	4
fác	4
iqz	4
pnn	4
ptb	4
ghv	4
lòn	4
zís	4
zci	4
tsé	4
ilù	4
vìi	4
iéd	4
hfr	4
qoc	4
ltv	4
uím	4
qac	4
ìnz	4
fdm	4
hìl	4
zìt	4
uqa	4
brf	4
omó	4
ógl	4
heé	4
mdv	4
ùng	4
iòc	4
dtp	4
hhr	4
lgì	4
oèn	4
apù	4
egé	4
ptp	4
izò	4
mfd	4
iéc	4
víí	4
seé	4
ács	4
iql	4
bbp	4
pál	4
éus	4
beí	4
ppg	4
bvu	4
qmo	4
qbu	4
qme	4
qgl	4
vpo	4
nbd	4
rrz	4
zth	4
pqc	4
vnr	4
úci	4
ìrg	4
dgb	4
tdn	4
ùsi	4
snf	4
írn	4
vsn	4
fmu	4
vth	4
íoh	4
uiò	4
ìbl	4
dgt	4
ptd	4
ígi	4
tuq	4
ùet	4
ufv	4
gró	4
nòi	4
ìri	4
mff	4
réb	4
ftí	4
oìo	4
tfí	4
ómp	4
bnm	4
zsb	4
aqr	4
euì	4
icè	4
fnm	4
néd	4
nlb	4
feí	4
òrm	4
èmu	4
tác	4
tcs	4
pòp	4
nsé	4
uém	4
pzs	4
ìha	4
veè	4
úca	4
ohí	4
fqu	4
reè	4
zzè	4
òle	4
uiù	4
sìz	4
ùst	4
òmi	4
eíd	4
nèt	4
píf	4
flí	4
fvi	4
zdu	4
rhh	4
ùpi	4
hlz	4
téc	4
qgu	4
oqa	4
gée	4
uòt	4
cmn	4
òtr	4
bdr	4
zzó	4
eíg	4
qec	4
léé	4
píz	4
lrò	4
ìfi	4
íza	4
tzz	4
òve	4
bgi	4
dff	4
eía	4
emv	4
uiì	4
zzp	4
pgi	4
tèr	4
nrv	4
bíz	4
íue	4
uuù	4
fng	4
itq	4
epv	4
nèc	4
oíd	4
ipd	4
òrt	4
tíu	4
thí	4
evá	4
ccó	4
fcl	4
ròd	4
grá	4
cét	4
iqn	4
bcz	4
psr	4
csg	4
aèl	4
czz	4
ùag	4
leè	4
meè	4
áta	4
ívr	4
ofì	4
cíó	4
spv	4
nár	4
uqi	4
fìu	4
níd	4
fgg	4
eío	4
ítò	4
gió	4
rqi	4
ìsu	4
efì	4
umì	4
ìrv	4
ènd	4
gcr	4
tdu	4
lzt	4
plh	4
bfl	4
naè	4
fdo	4
oae	4
aqd	4
aqc	4
qcq	4
rfc	4
èpr	4
iùg	4
obp	4
aae	4
ócr	4
ídi	4
nép	4
pár	4
oìa	4
ùnt	4
héd	4
eùn	4
mív	4
mgg	4
fié	4
dbd	4
lìm	4
ufù	3
zmz	3
frp	3
vvò	3
qtl	3
ipú	3
púz	3
úzc	3
gìb	3
víf	3
èlo	3
èop	3
dcm	3
gòv	3
álg	3
fcf	3
ngù	3
sfb	3
lmó	3
óva	3
mnh	3
bùi	3
lqb	3
ibp	3
ggó	3
ebá	3
viù	3
umá	3
hcb	3
nqh	3
bcm	3
bdh	3
pgt	3
zts	3
bcp	3
bzu	3
lfn	3
hbh	3
shó	3
óll	3
ènè	3
gvh	3
vhd	3
dmb	3
lùi	3
ùib	3
lhè	3
tcd	3
eqt	3
beò	3
òrc	3
mhc	3
afù	3
rfg	3
uzì	3
miá	3
duò	3
ctn	3
fvs	3
lhr	3
hbv	3
moè	3
zdc	3
zrb	3
zdv	3
dgq	3
ùie	3
pòl	3
vhu	3
íóí	3
óíè	3
ihá	3
hál	3
árp	3
édè	3
bfg	3
svz	3
opè	3
vmi	3
nvé	3
ívù	3
uoò	3
lcb	3
rpè	3
rqh	3
hcè	3
qln	3
cqe	3
tdb	3
lèz	3
snù	3
cbf	3
hrá	3
rái	3
cmg	3
mrf	3
lvá	3
rèe	3
bbò	3
vbh	3
cpc	3
uèè	3
uvù	3
iiù	3
bdè	3
ìoè	3
vfr	3
tóc	3
ócc	3
dhc	3
hcp	3
qnc	3
géd	3
sné	3
háf	3
áfe	3
dlh	3
sqv	3
váz	3
ílr	3
cté	3
gpg	3
rúb	3
úba	3
zìi	3
lód	3
ódz	3
gpp	3
íep	3
zdf	3
pnc	3
ìdr	3
maé	3
rtú	3
bmc	3
edó	3
quf	3
pté	3
nvc	3
ccá	3
ití	3
fíb	3
agá	3
eíf	3
ègè	3
líò	3
ehp	3
rbc	3
sgp	3
hoí	3
rbz	3
bsl	3
gòm	3
vél	3
qos	3
ròg	3
òge	3
cád	3
ász	3
zgh	3
mrm	3
vní	3
irù	3
cfn	3
èem	3
gbd	3
bdf	3
hór	3
tfs	3
qot	3
áqu	3
líp	3
íps	3
qtv	3
hgn	3
síó	3
mdg	3
dvp	3
shò	3
hòl	3
pgb	3
tái	3
frc	3
ucf	3
btl	3
sgf	3
qic	3
cén	3
hdc	3
ùim	3
agq	3
hmr	3
pìp	3
ópa	3
nìb	3
hié	3
fnp	3
scf	3
vpp	3
tóm	3
iuù	3
bfd	3
voé	3
iaò	3
mvc	3
ctì	3
áez	3
suì	3
uìc	3
èev	3
fpl	3
ébo	3
trù	3
nfù	3
dfm	3
fmm	3
hrr	3
rdù	3
vgg	3
qcb	3
eqa	3
roè	3
rmd	3
tém	3
émé	3
èee	3
vác	3
hbs	3
vml	3
ohb	3
fgí	3
méu	3
iqp	3
feq	3
vpd	3
qgi	3
qid	3
zpr	3
uéd	3
upb	3
tnf	3
qod	3
mnr	3
òpe	3
ìsh	3
ggf	3
sùs	3
ivm	3
cíg	3
bím	3
ìii	3
pát	3
éac	3
mgp	3
sgò	3
fèr	3
lhd	3
dáv	3
egú	3
ilq	3
svì	3
fvu	3
dìg	3
ftg	3
pèa	3
izí	3
gìl	3
mdí	3
mbá	3
téi	3
otó	3
còs	3
esé	3
qtt	3
siò	3
cvl	3
sfd	3
sdé	3
ebf	3
foí	3
hìr	3
ìru	3
lsè	3
svd	3
sòn	3
hác	3
mrv	3
uùl	3
ùll	3
ùsc	3
ùtu	3
fní	3
dfc	3
bpu	3
oél	3
mèg	3
efq	3
fqn	3
zhg	3
hpd	3
sff	3
óst	3
tcv	3
égr	3
fbu	3
nvn	3
íós	3
róm	3
ácu	3
aíz	3
pcv	3
rìi	3
lès	3
oèm	3
uíg	3
amq	3
ihc	3
bnp	3
ogé	3
hèv	3
tuè	3
élu	3
qon	3
snr	3
òbi	3
rcv	3
flv	3
gcp	3
aíí	3
béo	3
mpq	3
pès	3
uós	3
rcó	3
hée	3
cbp	3
áge	3
hfm	3
tèc	3
ruè	3
uhg	3
vìl	3
ìlt	3
fdd	3
ípu	3
dnp	3
ùsu	3
hmb	3
ciá	3
stù	3
vrg	3
hrv	3
gng	3
qtr	3
qpu	3
eql	3
qfi	3
qni	3
ríí	3
vdu	3
cuh	3
èsh	3
iié	3
pmr	3
szé	3
gíf	3
cfh	3
ègu	3
fsn	3
rél	3
iná	3
uvc	3
zhs	3
ìmi	3
ésc	3
uzt	3
frh	3
lvg	3
ntq	3
ètt	3
ogz	3
qom	3
pbl	3
mgn	3
rzc	3
iùb	3
vrì	3
ehv	3
efé	3
mmv	3
évo	3
més	3
zlm	3
uòc	3
dól	3
dví	3
níí	3
oql	3
ívu	3
bct	3
éen	3
doé	3
toé	3
sft	3
nón	3
océ	3
rgv	3
vég	3
cèr	3
hèn	3
paè	3
tió	3
dmd	3
fgu	3
óng	3
duí	3
isí	3
lvm	3
udò	3
uèd	3
èda	3
uíf	3
sbb	3
mmd	3
dgf	3
ttz	3
nìg	3
fnd	3
dùn	3
ipù	3
óse	3
bgu	3
zls	3
oiì	3
eqe	3
bpi	3
ért	3
bsd	3
qcc	3
mtc	3
dóm	3
avb	3
vbr	3
fém	3
bbh	3
dnn	3
psz	3
áva	3
vén	3
énu	3
uòp	3
adù	3
mát	3
rqe	3
emá	3
ùan	3
lzí	3
hlq	3
ibé	3
icá	3
iìo	3
lhp	3
ága	3
oró	3
síu	3
frd	3
avf	3
rvt	3
rnó	3
ùrd	3
nbt	3
vbo	3
iiè	3
vbi	3
poè	3
cpb	3
vìz	3
nìf	3
dìp	3
bìe	3
dìl	3
íau	3
ifn	3
vsl	3
hhb	3
vrd	3
tvn	3
ibè	3
pnf	3
afb	3
idí	3
frt	3
eqc	3
ftz	3
scb	3
vìr	3
rvc	3
vca	3
iló	3
bfu	3
eqq	3
fíf	3
zíc	3
emè	3
bón	3
iùe	3
ùes	3
érd	3
frf	3
ròò	3
qlu	3
aué	3
ùgr	3
ovf	3
vfe	3
ìim	3
aqn	3
ìgh	3
íef	3
nmt	3
anó	3
ùot	3
slh	3
èpo	3
mié	3
meù	3
uíz	3
gtt	3
ecé	3
gún	3
mìd	3
síi	3
grm	3
oùr	3
álo	2
ruá	2
vmp	2
ceí	2
uuì	2
uìo	2
qoo	2
gcú	2
urú	2
drb	2
rvù	2
vùl	2
ezè	2
ùad	2
qoe	2
rqc	2
qcè	2
npd	2
pbv	2
hnf	2
vrl	2
mgí	2
vnu	2
nmn	2
sqp	2
zns	2
pqo	2
èim	2
trq	2
dfg	2
cvb	2
znb	2
tób	2
óba	2
hzh	2
ìho	2
bhv	2
nzú	2
hvf	2
ufí	2
èze	2
nhb	2
thó	2
vvt	2
séd	2
máq	2
hfd	2
rcá	2
vèg	2
uái	2
ásí	2
fdq	2
pbm	2
érì	2
òlm	2
púl	2
úlv	2
frq	2
qsl	2
dhí	2
róp	2
ópr	2
sdd	2
sáb	2
ufz	2
fzu	2
fup	2
vcv	2
qeg	2
cuò	2
tbé	2
mvv	2
tìì	2
btg	2
vdl	2
vmí	2
iqq	2
qqi	2
pbd	2
ìba	2
zhv	2
drù	2
hèe	2
hvd	2
vcl	2
bmv	2
ìop	2
ìsg	2
ifz	2
báe	2
ònb	2
uìd	2
zèe	2
dbz	2
móg	2
cdz	2
bhl	2
iaù	2
nèh	2
hdh	2
ubó	2
hèè	2
hòt	2
vcf	2
ioù	2
lùn	2
igè	2
cáz	2
ùnf	2
gvg	2
tbq	2
bqc	2
pùn	2
vms	2
uèe	2
ugú	2
èbb	2
edù	2
euè	2
vsf	2
qrp	2
òmn	2
cqr	2
lvt	2
vfa	2
pzv	2
víò	2
ízo	2
cbn	2
béi	2
vcm	2
lvp	2
qog	2
ppó	2
fìf	2
sdz	2
úsq	2
píò	2
íft	2
mqm	2
cpf	2
crg	2
ozb	2
qcv	2
ciú	2
lòp	2
múc	2
zèl	2
ppq	2
hlè	2
hlú	2
lúa	2
nèv	2
dbp	2
gòc	2
hmv	2
éfè	2
hró	2
rór	2
aiù	2
rvá	2
vát	2
gúz	2
shz	2
vbf	2
ìct	2
sùb	2
ùbi	2
vìb	2
qif	2
mpó	2
dgv	2
ohò	2
ìgi	2
iée	2
míí	2
sìè	2
vèn	2
tgt	2
ptù	2
éit	2
ptg	2
mió	2
mrz	2
nnó	2
vfm	2
dpb	2
tbh	2
ímd	2
lfd	2
òsc	2
fbz	2
ugf	2
phf	2
áur	2
uvb	2
caò	2
ucd	2
gml	2
lsò	2
ípn	2
bfs	2
qnh	2
méq	2
éqe	2
òis	2
tmf	2
pml	2
npt	2
tót	2
ótó	2
srò	2
lúc	2
péi	2
ìec	2
smn	2
quù	2
ruù	2
hìc	2
hbc	2
zld	2
dìò	2
ìòs	2
ùta	2
zss	2
qlf	2
hìt	2
nèi	2
mzm	2
pgh	2
faè	2
qnq	2
cnè	2
dvb	2
sqn	2
rbè	2
gfd	2
tòa	2
òan	2
hsd	2
hám	2
vsg	2
vìè	2
órg	2
èlf	2
vcu	2
gès	2
òrs	2
pùo	2
lfò	2
rèl	2
léb	2
úda	2
pzc	2
hèi	2
mfg	2
npí	2
fnh	2
sqg	2
sqó	2
rfò	2
aíf	2
hzm	2
vtb	2
cdò	2
lòr	2
viq	2
poá	2
gtc	2
ìlu	2
bfc	2
bdn	2
ómu	2
ctá	2
úbl	2
òrò	2
òsh	2
bbv	2
ásb	2
inù	2
vvn	2
pfv	2
ièh	2
èhe	2
pgm	2
gtf	2
saò	2
iéa	2
qúi	2
fvo	2
èhi	2
ító	2
vvù	2
tòb	2
azú	2
zúc	2
éot	2
sáe	2
áen	2
qoè	2
oèl	2
nrp	2
vvh	2
ifq	2
zdh	2
zól	2
rlá	2
ésù	2
ésú	2
duó	2
enú	2
mág	2
nmg	2
órl	2
nòp	2
icg	2
vòl	2
sdg	2
csá	2
mgs	2
tpg	2
ídl	2
uhv	2
ísn	2
rzé	2
gòr	2
gùs	2
iuè	2
urù	2
icé	2
ícò	2
iég	2
dvu	2
lfí	2
ofv	2
ofz	2
eié	2
dpm	2
dtn	2
uaò	2
btv	2
écc	2
téq	2
egq	2
imí	2
qto	2
tlí	2
qld	2
qfo	2
qpa	2
èap	2
qfr	2
qpp	2
ufd	2
úti	2
évu	2
èii	2
geè	2
òfu	2
nió	2
hnr	2
lfé	2
dft	2
sdv	2
uòv	2
rói	2
cùp	2
nht	2
ptí	2
osù	2
drp	2
scg	2
ìob	2
fct	2
ifv	2
èin	2
lhb	2
mlv	2
ádr	2
zrz	2
nfì	2
bth	2
ndá	2
ecv	2
tnb	2
áme	2
tdc	2
rcb	2
ùbe	2
tcí	2
saé	2
coò	2
ezó	2
uvn	2
íae	2
íms	2
ész	2
òrd	2
plv	2
ibú	2
cóo	2
òcr	2
geq	2
áda	2
lht	2
hzo	2
ínl	2
ítz	2
mvr	2
vrq	2
ínz	2
éng	2
iaé	2
cvf	2
roé	2
òco	2
naé	2
òal	2
nuè	2
ftv	2
òva	2
pèn	2
díu	2
éer	2
nzr	2
aql	2
aqp	2
quò	2
fmr	2
bíd	2
pmn	2
mnz	2
bgs	2
òfe	2
cíz	2
òda	2
lsz	2
òno	2
své	2
ódi	2
ddè	2
név	2
ráf	2
áfi	2
izá	2
ási	2
ióp	2
ópi	2
quv	2
tgn	2
sng	2
ósa	2
úla	2
lhn	2
órs	2
nsá	2
sás	2
smá	2
nìì	2
bbz	2
vmh	2
pùr	2
lcv	2
soò	2
nìl	2
árs	2
nzg	2
lbz	2
cgp	2
cdb	2
flq	2
szb	2
glp	2
peò	2
éir	2
nbg	2
vdv	2
ámi	2
nhm	2
gpb	2
ptz	2
btd	2
áse	2
moì	2
mnf	2
mrò	2
lác	2
èpl	2
hdd	2
sfc	2
hmt	2
éth	2
òpo	2
òca	2
érí	2
òvo	2
íub	2
frb	2
tíq	2
ocá	2
afh	2
vfl	2
nlh	2
gdb	2
vga	2
ìuo	2
rsó	2
lèt	2
seò	2
eèc	2
iám	2
lùa	2
íop	2
èdí	2
hgl	2
iùl	2
ppf	2
ihv	2
ídò	2
vtv	2
ùaf	2
hrg	2
hnc	2
oès	2
srf	2
énè	2
uql	2
qls	2
flb	2
uló	2
gbn	2
rbd	2
ufp	2
érc	2
udé	2
dòs	2
èvo	2
bùt	2
ùto	2
áce	2
pás	2
aér	2
gpt	2
lgé	2
bvo	2
bíí	2
eím	2
nmí	2
ínm	2
soí	2
rbm	2
ínì	2
gnó	2
hív	2
hré	2
glò	2
eqn	2
qna	2
gld	2
cóg	2
uuv	2
bng	2
ncv	2
òff	2
tèm	2
táb	2
pfm	2
brd	2
nvh	2
ssó	2
bbm	2
vuq	2
ròo	2
òfo	2
gct	2
cdl	2
hlí	2
líi	2
grf	2
lbv	2
cqi	2
sfg	2
lzì	2
ìrs	2
naì	2
ahì	2
smì	2
rfv	2
ìrr	2
bìc	2
ìez	2
oìn	2
ìum	2
tìb	2
lìv	2
lvì	2
rbp	2
ònt	2
sfm	2
pgc	2
ùtr	2
grt	2
iìu	2
qov	2
hpn	2
iár	2
pza	2
ipv	2
rcg	2
clò	2
hzn	2
gds	2
gbb	2
tvl	2
zvr	2
zéc	2
gfg	2
cèd	2
nbf	2
díí	2
bbù	2
lsq	2
eeè	2
eqp	2
hct	2
ggc	2
bvm	2
sbt	2
zlg	2
mfs	2
fdb	2
vèt	2
bhr	2
tqa	2
ùtt	2
éoc	2
mhg	2
cmf	2
fpu	2
ldù	2
qof	2
teù	2
gèt	2
pèo	2
dfp	2
rhg	2
bfo	2
bqu	2
phm	2
qqe	2
ivì	2
phg	2
fgi	2
òti	2
dhv	2
ifh	2
pén	2
các	2
ùve	2
ùso	2
ùgi	2
bùs	2
nlq	2
íez	2
hrz	2
nql	2
fgs	2
uqd	2
ecó	2
ncq	2
fhp	2
árm	2
rmz	2
vnd	2
tvh	2
ávo	2
aìe	2
ofó	2
fób	2
óbi	2
óti	2
eùr	2
nrg	2
baè	2
lóm	2
méc	2
hpc	2
ieè	2
táv	2
gtd	2
vho	2
qnm	2
rql	2
epd	2
vbv	2
scá	2
òtt	2
fvv	2
vsu	2
èen	2
ílc	2
láv	2
zèr	2
ufb	2
ipó	2
pón	2
deé	2
épr	2
oiá	2
qùe	2
mùn	2
bèn	2
zái	2
liì	2
ùns	2
ésu	2
ìoì	2
ìpp	2
tìd	2
íbs	2
cgm	2
laè	2
lùc	2
ègr	2
ùia	2
íùf	2
nèd	2
néi	2
bìì	2
ása	2
cùc	2
ùné	2
vrc	2
bòn	2
eaí	2
cgg	2
nfz	2
fdu	2
áss	2
bèb	2
meq	2
víb	2
lió	2
íít	2
qag	2
vfg	2
fcí	2
bnh	2
ìsb	2
fdc	2
ddé	2
tií	2
udá	2
úpa	2
oìe	2
òsp	2
fáb	2
ngú	2
túd	2
údi	2
muí	2
ùte	2
zíg	2
brá	2
vnò	2
ùff	2
dòv	2
iaì	2
doì	2
ciì	2
híz	2
iòt	2
bml	2
ísv	2
vns	2
oèt	2
tún	2
emó	2
móc	2
nòt	2
uìi	2
iió	2
oió	2
ìpl	2
zìò	2
ohf	2
ocv	2
ìfl	2
íin	2
nqc	2
tbt	2
doí	2
cìz	2
íai	2
pól	2
íou	2
fív	2
fsí	2
oùp	2
oùs	2
crá	2
scú	2
ivz	2
ìdd	2
hnp	1
rùl	1
ùlé	1
apv	1
éts	1
naá	1
aán	1
fuì	1
nhd	1
eeí	1
iáu	1
dág	1
ágl	1
fdz	1
tùp	1
maò	1
aòe	1
aòl	1
òlc	1
gvv	1
etù	1
ìcó	1
fùt	1
ùtb	1
fhò	1
qné	1
gqa	1
qep	1
qlm	1
òin	1
rgì	1
èau	1
pcu	1
qbr	1
eqs	1
dzm	1
lùg	1
èrò	1
eèq	1
ísd	1
sdí	1
aòt	1
zbb	1
zéb	1
vás	1
fmc	1
ohc	1
svb	1
vbl	1
fvd	1
zié	1
tiò	1
inú	1
nút	1
clù	1
aíc	1
tct	1
qúe	1
úes	1
ttù	1
pnz	1
cèt	1
bèg	1
qbl	1
izé	1
átz	1
ztv	1
mbg	1
iéb	1
ébr	1
nás	1
bnz	1
púc	1
uzg	1
rcf	1
ppb	1
sòl	1
gzu	1
pbf	1
lòf	1
òfv	1
ccé	1
snv	1
szr	1
ròp	1
éos	1
gpq	1
éil	1
crù	1
boé	1
oét	1
véi	1
fpm	1
zhm	1
cdv	1
hfs	1
pqs	1
qss	1
vlp	1
ubá	1
bái	1
plò	1
zpo	1
ccq	1
tdm	1
véc	1
cvv	1
zgb	1
ztl	1
mtg	1
ztb	1
hèg	1
ègg	1
bùm	1
pdh	1
hló	1
nòn	1
aìì	1
hìi	1
ìio	1
ópu	1
esó	1
lùs	1
ièl	1
páe	1
tvq	1
vqu	1
èls	1
eès	1
ìdi	1
tzé	1
qga	1
pèu	1
èuò	1
dèt	1
drh	1
dtè	1
dnm	1
óol	1
còd	1
szí	1
zív	1
sád	1
omù	1
bót	1
dvl	1
vrí	1
ráe	1
áem	1
guó	1
oqn	1
sác	1
zsv	1
azf	1
zfa	1
dsí	1
ggé	1
vlf	1
gív	1
hùb	1
sqí	1
qír	1
pvl	1
èam	1
taé	1
moé	1
ínb	1
bhm	1
iòa	1
csó	1
tná	1
nád	1
uèl	1
èer	1
hué	1
rfè	1
vtg	1
cpò	1
dcn	1
igù	1
gùr	1
hsí	1
cíí	1
bíu	1
osó	1
ápe	1
sòz	1
òze	1
lòm	1
òmc	1
bló	1
cév	1
ucó	1
còc	1
fcp	1
oqr	1
lbg	1
lgp	1
cqg	1
sgm	1
mqd	1
érm	1
váo	1
áos	1
brè	1
oáo	1
móe	1
óes	1
vcd	1
èur	1
róc	1
óch	1
etó	1
tód	1
mác	1
czb	1
zás	1
aès	1
ulá	1
dvn	1
dvs	1
rzr	1
mlu	1
óha	1
óis	1
ásv	1
érg	1
ioò	1
zzg	1
zgg	1
vct	1
bgc	1
dèb	1
oòa	1
dár	1
snì	1
pém	1
étí	1
móa	1
tgf	1
hzf	1
zfs	1
nvg	1
dbg	1
gèg	1
vdf	1
oqs	1
cqs	1
tdz	1
ifù	1
pùi	1
tfm	1
pùf	1
gòl	1
òlf	1
áns	1
peó	1
muè	1
uèv	1
mvd	1
ddq	1
mbv	1
ólu	1
ihq	1
gnù	1
nùs	1
ùss	1
qeq	1
sám	1
uzp	1
npò	1
èet	1
dsì	1
còt	1
cbt	1
vtf	1
qlt	1
teì	1
eìo	1
pòn	1
aéq	1
utá	1
érn	1
bmb	1
bpf	1
tfc	1
rgz	1
zzd	1
opù	1
ovp	1
svh	1
róz	1
zpf	1
hès	1
pdv	1
gdg	1
áls	1
sbú	1
óld	1
vfd	1
bvf	1
dèp	1
hhd	1
zfd	1
tèb	1
tèv	1
ldè	1
mèi	1
èia	1
glf	1
ècr	1
epz	1
bèt	1
drf	1
rúv	1
fmp	1
qaq	1
ohì	1
srù	1
iví	1
hús	1
úsa	1
vlá	1
hnì	1
lgè	1
vtc	1
zzù	1
zùa	1
gzn	1
zng	1
iaè	1
uòe	1
òen	1
soè	1
zlr	1
nró	1
ród	1
cóp	1
ópt	1
apú	1
púf	1
úfa	1
pòt	1
tsì	1
íea	1
ufú	1
sùa	1
uzó	1
cáb	1
blh	1
fhr	1
iuò	1
gqe	1
eqo	1
odù	1
mèe	1
mvb	1
uuó	1
óss	1
uìu	1
mní	1
ifò	1
fén	1
ésí	1
fíq	1
píè	1
íèc	1
iús	1
qup	1
nsó	1
lpó	1
hqn	1
qnn	1
héè	1
ecè	1
eoè	1
muù	1
ùsl	1
uùh	1
uùo	1
ùom	1
éii	1
bòm	1
òmb	1
bvl	1
rár	1
enó	1
reá	1
eág	1
pbg	1
ndú	1
dúr	1
lùe	1
lùu	1
ùuc	1
mgá	1
gár	1
vrf	1
ucg	1
ìui	1
iòv	1
òvì	1
qqz	1
dmp	1
hrf	1
ièt	1
nhé	1
dòc	1
òcs	1
ìvi	1
izó	1
cér	1
zép	1
gaé	1
aét	1
vfo	1
énc	1
vtd	1
hvs	1
vtn	1
qtn	1
puí	1
mvf	1
uaè	1
qro	1
ónz	1
piì	1
lpé	1
tdv	1
bdt	1
mlz	1
poò	1
vrv	1
paò	1
mpé	1
ébl	1
edq	1
dbt	1
mòb	1
pòi	1
tpí	1
eíé	1
íér	1
òss	1
cèm	1
snh	1
scó	1
tòh	1
opá	1
rhá	1
ház	1
spò	1
ráh	1
áhe	1
pél	1
ièp	1
qío	1
ùai	1
ùel	1
íís	1
ííu	1
ígò	1
gvc	1
evb	1
zhì	1
mvò	1
sùm	1
ùmm	1
sìr	1
áòe	1
òez	1
lòi	1
nrò	1
mrr	1
gfm	1
fmv	1
zpl	1
vól	1
óle	1
ióc	1
óca	1
qii	1
mtè	1
zmì	1
léc	1
nlù	1
óre	1
pzu	1
qth	1
tòf	1
èmp	1
stq	1
puè	1
brú	1
ofá	1
nát	1
émm	1
taú	1
úlf	1
tpt	1
fuv	1
héb	1
èof	1
gph	1
fnz	1
vtl	1
fgm	1
frz	1
tvg	1
òro	1
bgm	1
céu	1
qhc	1
fzz	1
háu	1
pze	1
svv	1
ìev	1
bìr	1
ìpì	1
oìb	1
ìtz	1
flì	1
pií	1
iía	1
fèc	1
èai	1
ìlo	1
uìg	1
gìe	1
zìr	1
ebì	1
pìm	1
goì	1
ìdg	1
cìf	1
rfé	1
ènr	1
nèn	1
dnz	1
ònu	1
bcn	1
ònc	1
ènm	1
gmp	1
lbò	1
íùt	1
rlq	1
núp	1
úpu	1
bqn	1
cbq	1
ená	1
náb	1
ìhì	1
ohz	1
vzì	1
lzf	1
zfu	1
bdz	1
mtz	1
raò	1
ifè	1
ncá	1
iód	1
aqt	1
qtd	1
tdd	1
fcd	1
pvn	1
pcn	1
lql	1
qlh	1
lqn	1
qnl	1
ufè	1
hrp	1
rpd	1
fiì	1
ìoa	1
qhn	1
bcg	1
avó	1
iìl	1
uìa	1
bmg	1
npm	1
uuq	1
séf	1
plq	1
fég	1
égg	1
lqi	1
táz	1
fsl	1
eìì	1
ììn	1
gsq	1
frn	1
zhp	1
bcb	1
pdn	1
híd	1
znu	1
mòc	1
ufì	1
tmr	1
mèè	1
huè	1
uèt	1
ffv	1
tcg	1
ííe	1
mòl	1
òlt	1
ùbr	1
èvè	1
rqm	1
sgb	1
veé	1
lvh	1
dùl	1
dpv	1
pvr	1
níh	1
íhi	1
bsr	1
ftò	1
fté	1
gze	1
hzt	1
pbi	1
qip	1
cló	1
ssq	1
hóf	1
ófe	1
cqm	1
qmb	1
gdv	1
pvv	1
vvp	1
vmc	1
záp	1
rqv	1
ivh	1
hár	1
dcb	1
láq	1
plé	1
qcu	1
aqf	1
oqc	1
cvè	1
vèm	1
ceè	1
sbf	1
dfs	1
cdn	1
qqc	1
aèu	1
ìis	1
rér	1
pór	1
ftó	1
miì	1
mdp	1
bzd	1
iél	1
òpp	1
gcl	1
èul	1
sòd	1
òdo	1
dsq	1
tùt	1
cnv	1
pdu	1
mhv	1
hfc	1
gpc	1
mzr	1
mhd	1
pqz	1
vèa	1
vpm	1
imq	1
nvq	1
teò	1
tpf	1
fcn	1
mtp	1
zlf	1
ìci	1
ìtl	1
nós	1
ezp	1
szó	1
hág	1
zlp	1
zlv	1
èpu	1
hcé	1
zlb	1
ábo	1
éab	1
vbs	1
fùr	1
ùrt	1
fbì	1
ztf	1
èit	1
èot	1
nqs	1
zdq	1
hgb	1
pvp	1
gdc	1
éea	1
obz	1
bzh	1
ùmi	1
btp	1
árg	1
irú	1
iqv	1
sùi	1
ùic	1
sqt	1
frv	1
aèè	1
èèi	1
tèt	1
pfs	1
rhl	1
hnm	1
rvs	1
vgs	1
tmv	1
iòe	1
íuc	1
haè	1
qiù	1
rqo	1
qoq	1
eoq	1
rùf	1
nrá	1
eés	1
rúd	1
údó	1
ólf	1
llú	1
lúr	1
ifá	1
mód	1
óda	1
ucá	1
zmm	1
lòt	1
bcv	1
vpc	1
auó	1
btm	1
aìz	1
ìzi	1
tqv	1
nìè	1
mèp	1
ègl	1
ggp	1
ílh	1
ùva	1
ùav	1
ùle	1
ùef	1
ùam	1
bùp	1
ùsa	1
iùd	1
ùdi	1
iùq	1
ùqu	1
iùo	1
ùop	1
ùac	1
iùm	1
ùmo	1
ucv	1
lmé	1
bhq	1
ácl	1
iìt	1
iqo	1
ipè	1
vgf	1
dlí	1
ouò	1
vfv	1
rèo	1
èoc	1
èné	1
cgè	1
bph	1
quq	1
qdr	1
vsb	1
sgd	1
vbc	1
mmz	1
mzz	1
ozp	1
gfp	1
èrv	1
vrm	1
nvm	1
fht	1
caì	1
aìd	1
vfh	1
nmf	1
lòs	1
qea	1
hft	1
cqd	1
tbz	1
rzv	1
zvs	1
tcf	1
dnb	1
voò	1
qmt	1
hdn	1
cáv	1
epó	1
ngá	1
ngó	1
tév	1
eió	1
toò	1
mdz	1
lvv	1
hmq	1
nqa	1
dmh	1
sqq	1
nbé	1
tcé	1
múu	1
úuu	1
óoo	1
coó	1
tfd	1
qao	1
gbm	1
acù	1
cùi	1
pfd	1
pzt	1
ztz	1
znd	1
ánz	1
vcs	1
érò	1
mgz	1
gzt	1
égh	1
túl	1
úle	1
féd	1
áms	1
gót	1
czs	1
tcn	1
ugv	1
gvu	1
vvz	1
igq	1
ieù	1
qqr	1
zaè	1
mìè	1
raó	1
aón	1
mól	1
ólt	1
nzn	1
sòf	1
aòo	1
bpt	1
npv	1
deó	1
gfc	1
ììu	1
eiè	1
ltó	1
roò	1
gbg	1
nèè	1
cfg	1
hpg	1
qiì	1
ráv	1
zps	1
tgd	1
ihz	1
hzz	1
hfp	1
lòe	1
òem	1
fgd	1
afq	1
fqa	1
qgn	1
sùu	1
siù	1
qvv	1
rtq	1
rrq	1
rqt	1
tqr	1
hqt	1
mnl	1
fql	1
tqn	1
qnf	1
nfq	1
qvb	1
ivb	1
bmm	1
dqt	1
azè	1
uhc	1
tqz	1
bhd	1
ihé	1
ìza	1
ctò	1
pnh	1
òci	1
hòi	1
òir	1
shù	1
olù	1
gpn	1
sóc	1
níi	1
íoi	1
ìog	1
qvr	1
pèt	1
tgm	1
rvd	1
òbe	1
évè	1
ácq	1
obò	1
bdg	1
gèm	1
mnv	1
peè	1
uèn	1
hlù	1
hmc	1
uòn	1
dpg	1
égs	1
oiù	1
sfé	1
sgó	1
rpv	1
lrp	1
ucq	1
vzo	1
raé	1
eìg	1
leé	1
voè	1
cìh	1
rpb	1
dvc	1
icù	1
gdh	1
váf	1
áff	1
vhz	1
lbp	1
iáa	1
áar	1
hég	1
ùnc	1
fqc	1
séo	1
éou	1
diù	1
cól	1
guá	1
dzz	1
nóp	1
ópo	1
énn	1
coé	1
zoq	1
vqq	1
ítn	1
ìvr	1
ìld	1
oìt	1
rìí	1
pús	1
úsc	1
ìin	1
fpf	1
fsd	1
vnf	1
vrt	1
mvh	1
hán	1
uzè	1
zès	1
ahè	1
rló	1
ìad	1
dèn	1
èrn	1
tùb	1
ùba	1
aèa	1
mtf	1
éor	1
bdc	1
lbé	1
bmp	1
lzc	1
òfr	1
aíó	1
ólí	1
úní	1
áve	1
bíó	1
ríh	1
íhu	1
tsí	1
míb	1
ccè	1
dèe	1
gùn	1
lzv	1
ógn	1
rbó	1
nóm	1
híi	1
eír	1
egù	1
ùat	1
ùum	1
ùuò	1
ùit	1
ùez	1
ùap	1
uòm	1
mvu	1
ébu	1
ècl	1
poé	1
oés	1
écr	1
uné	1
rpé	1
itú	1
pgg	1
egc	1
lùl	1
pzl	1
érv	1
néo	1
néè	1
néh	1
ého	1
méh	1
éha	1
nèb	1
érb	1
pòd	1
upz	1
uzé	1
èos	1
lmè	1
mèa	1
nré	1
tmé	1
nrì	1
aúi	1
orù	1
sbv	1
qqs	1
ldá	1
élv	1
ubq	1
fòg	1
òga	1
uíò	1
ròe	1
ùcù	1
tól	1
ùnu	1
ùnz	1
ìom	1
ebò	1
eqv	1
nèp	1
ùun	1
éam	1
sùì	1
dég	1
réq	1
hèt	1
íln	1
gaù	1
soù	1
reù	1
hìì	1
òòh	1
òhò	1
hòò	1
fze	1
faò	1
aòs	1
oòo	1
oaí	1
déz	1
rèv	1
díi	1
íob	1
pòs	1
ùbu	1
dié	1
vsv	1
pzz	1
pnd	1
uòd	1
phz	1
ozé	1
ozè	1
ésl	1
ììa	1
áah	1
pmz	1
lòl	1
qiz	1
òcu	1
uqq	1
ílf	1
íui	1
tòc	1
ímr	1
ètf	1
ieí	1
ímg	1
ùfi	1
giè	1
ièu	1
òpr	1
tèf	1
cíè	1
íèr	1
oíf	1
sìq	1
ìqu	1
ùga	1
òsu	1
lrè	1
zér	1
tèn	1
dng	1
lfè	1
orú	1
rúa	1
uzá	1
ésp	1
grc	1
éee	1
oèe	1
ósc	1
ánn	1
dáb	1
ocú	1
cúp	1
lág	1
ágr	1
cró	1
róf	1
ófo	1
èag	1
paó	1
tùi	1
ufá	1
tóv	1
nvá	1
tvá	1
tèi	1
ìip	1
rùa	1
epù	1
lmù	1
fuè	1
dzt	1
érs	1
imù	1
fiá	1
iái	1
uqo	1
ább	1
pmv	1
oòe	1
qpl	1
mós	1
vzè	1
aqv	1
aòc	1
ùnq	1
cpg	1
pmf	1
fbn	1
héz	1
ròa	1
édl	1
óro	1
bge	1
cèf	1
víp	1
zló	1
pzh	1
czó	1
hgg	1
pág	1
séa	1
rgq	1
háb	1
ábi	1
óde	1
iuí	1
cnm	1
ráa	1
áan	1
oqe	1
iít	1
ovó	1
míz	1
qís	1
bív	1
mrá	1
ráz	1
còl	1
íeè	1
ruò	1
gìi	1
nmò	1
hnò	1
bùf	1
uòo	1
òop	1
ieì	1
sèì	1
rám	1
oná	1
uél	1
sfn	1
zaí	1
lrí	1
gèe	1
eèe	1
èeh	1
eèt	1
éln	1
ígz	1
sùt	1
ùti	1
tmg	1
hmn	1
únt	1
póc	1
ónl	1
tál	1
gaè	1
dùr	1
ùrr	1
pnp	1
déí	1
éíu	1
íín	1
niá	1
iág	1
rzg	1
eée	1
ahù	1
hòm	1
htò	1
tòi	1
sòt	1
zèm	1
lùo	1
lòa	1
èoi	1
cvu	1
gái	1
dzé	1
ícn	1
vèd	1
nèí	1
èín	1
lgt	1
hvé	1
súp	1
úpe	1
téf	1
cíh	1
íha	1
bhc	1
ìvu	1
írp	1
plg	1
pnm	1
sfì	1
ìid	1
lèe	1
íqí	1
qíí	1
cìi	1
ìod	1
pìg	1
oìl	1
eìm	1
hép	1
uòg	1
ògi	1
goq	1
rbù	1
òrb	1
èbè	1
eìb	1
mám	1
eèd	1
hìm	1
ìdò	1
lnì	1
hrò	1
ábu	1
geí	1
eíe	1
uìp	1
òvu	1
árò	1
pzo	1
ézu	1
szs	1
zsé	1
sèi	1
épì	1
ìùn	1
tíi	1
szú	1
èfl	1
gét	1
vnn	1
aèt	1
oèd	1
flz	1
izf	1
auò	1
ípì	1
iás	1
ozq	1
áie	1
isó	1
ivó	1
usó	1
eòg	1
ògl	1
mòm	1
tòg	1
ògr	1
scù	1
mùs	1
ùda	1
cnz	1
élp	1
oqg	1
qgs	1
cìì	1
ifé	1
vsz	1
poù	1
zbc	1
niì	1
sét	1
òre	1
ézè	1
lúl	1
svc	1
ièa	1
èad	1
sòp	1
ápí	1
rfp	1
aèp	1
fmz	1
mzl	1
eqr	1
dnè	1
ònl	1
lnè	1
ònp	1
bsn	1
uvd	1
ìnr	1
lpz	1
iát	1
nmh	1
díè	1
íio	1
ìcr	1
tnh	1
qdl	1
vsd	1
oìd	1
ìuc	1
eíu	1
fgf	1
znm	1
meò	1
iqh	1
rál	1
ílb	1
hfn	1
álb	1
bíf	1
fás	1
hmá	1
lvè	1
vèo	1
èol	1
dql	1
bvv	1
bnq	1
pné	1
fbí	1
dgí	1
fgp	1
òfi	1
nfg	1
hfí	1
boí	1
dzp	1
píq	1
èré	1
glz	1
rhí	1
efd	1
fcm	1
mfv	1
vvd	1
ihè	1
bhp	1
mhp	1
heò	1
pfn	1
ìpu	1
ihù	1
hìf	1
mft	1
ucé	1
ósn	1
mìf	1
ìsf	1
lbì	1
fìb	1
hìh	1
ihf	1
dhn	1
nlí	1
pìu	1
plz	1
ègh	1
élí	1
íic	1
még	1
fvì	1
ítf	1
ífs	1
híò	1
águ	1
nuó	1
uón	1
ùpp	1
tbv	1
ìgm	1
uìm	1
bìd	1
rfì	1
bìb	1
ìbb	1
ìtò	1
bìi	1
tìi	1
aìi	1
bbg	1
hiá	1
órr	1
cúc	1
úch	1
ábr	1
lló	1
cúl	1
úlp	1
otq	1
ofq	1
plè	1
ùpe	1
noù	1
láa	1
cém	1
mvé	1
zcc	1
brh	1
lcú	1
nún	1
uhú	1
glè	1
hnè	1
ííg	1
tùf	1
òlo	1
vèe	1
fíp	1
bfí	1
mgf	1
hmg	1
zsp	1
iót	1
lóg	1
ógi	1
fgn	1
seá	1
nói	1
óic	1
